Ticker,Name
A,AGILENT TECHNOLOGIES INC
AA,ALCOA CORP
AAL,AMERICAN AIRLINES GROUP INC
AAN,AARONS COMPANY INC
AAON,AAON INC
AAP,ADVANCE AUTO PARTS INC
AAPL,APPLE INC
AAT,AMERICAN ASSETS TRUST REIT INC
ABBV,ABBVIE INC
ABCB,AMERIS BANCORP
ABG,ASBURY AUTOMOTIVE GROUP INC
ABM,ABM INDUSTRIES INC
ABNB,AIRBNB INC CLASS A
ABR,ARBOR REALTY TRUST REIT INC
ABT,ABBOTT LABORATORIES
ABUS,ARBUTUS BIOPHARMA CORP
ACA,ARCOSA INC
ACAD,ACADIA PHARMACEUTICALS INC
ACCD,ACCOLADE INC
ACCO,ACCO BRANDS CORP
ACDC,PROFRAC HOLDING CLASS A CORP
ACEL,ACCEL ENTERTAINMENT INC CLASS A
ACET,ADICET BIO INC
ACGL,ARCH CAPITAL GROUP LTD
ACHC,ACADIA HEALTHCARE COMPANY INC
ACHR,ARCHER AVIATION INC CLASS A
ACI,ALBERTSONS COMPANY INC CLASS A
ACIW,ACI WORLDWIDE INC
ACLS,AXCELIS TECHNOLOGIES INC
ACLX,ARCELLX INC
ACM,AECOM
ACMR,ACM RESEARCH CLASS A INC
ACN,ACCENTURE PLC CLASS A
ACNB,ACNB CORP
ACRE,ARES COMMERCIAL REAL ESTATE REIT C
ACRS,ACLARIS THERAPEUTICS INC
ACT,ENACT HOLDINGS INC
ACTG,ACACIA RESEARCH CORP
ACVA,ACV AUCTIONS INC CLASS A
ADBE,ADOBE INC
ADC,AGREE REALTY REIT CORP
ADEA,ADEIA INC
ADI,ANALOG DEVICES INC
ADM,ARCHER DANIELS MIDLAND
ADMA,ADMA BIOLOGICS INC
ADNT,ADIENT PLC
ADP,AUTOMATIC DATA PROCESSING INC
ADPT,ADAPTIVE BIOTECHNOLOGIES CORP
ADRO,CHINOOK THERAPEUTICS INC
ADRO,CHINOOK THERAPEUTICS INC CVR
ADSK,AUTODESK INC
ADT,ADT INC
ADTN,ADTRAN HOLDINGS INC
ADUS,ADDUS HOMECARE CORP
ADV,ADVANTAGE SOLUTIONS INC CLASS A
AEE,AMEREN CORP
AEHR,AEHR TEST SYSTEMS
AEIS,ADVANCED ENERGY INDUSTRIES INC
AEL,AMERICAN EQUITY INVESTMENT LIFE HO
AEO,AMERICAN EAGLE OUTFITTERS INC
AEP,AMERICAN ELECTRIC POWER INC
AES,AES CORP
AESI,ATLAS ENERGY SOLUTIONS INC
AFCG,AFC GAMMA INC
AFG,AMERICAN FINANCIAL GROUP INC
AFL,AFLAC INC
AFRM,AFFIRM HOLDINGS INC CLASS A
AGCO,AGCO CORP
AGEN,AGENUS INC
AGIO,AGIOS PHARMACEUTICALS INC
AGL,AGILON HEALTH
AGM,FEDERAL AGRICULTURAL MORTGAGE NON
AGNC,AGNC INVESTMENT REIT CORP
AGO,ASSURED GUARANTY LTD
AGR,AVANGRID INC
AGS,PLAYAGS INC
AGTI,AGILITI INC
AGX,ARGAN INC
AGYS,AGILYSYS INC
AHCO,ADAPTHEALTH CORP
AHH,ARMADA HOFFLER PROPERTIES REIT INC
AI,C3 AI INC CLASS A
AIG,AMERICAN INTERNATIONAL GROUP INC
AIN,ALBANY INTERNATIONAL CORP CLASS A
AIR,AAR CORP
AIRC,APARTMENT INCOME REIT CORP
AIT,APPLIED INDUSTRIAL TECHNOLOGIES IN
AIV,APARTMENT INVESTMENT AND MANAGEMEN
AIZ,ASSURANT INC
AJG,ARTHUR J GALLAGHER
AKAM,AKAMAI TECHNOLOGIES INC
AKR,ACADIA REALTY TRUST REIT
AKRO,AKERO THERAPEUTICS INC
AKTS,AKOUSTIS TECHNOLOGIES INC
AL,AIR LEASE CORP CLASS A
ALB,ALBEMARLE CORP
ALDX,ALDEYRA THERAPEUTICS INC
ALE,ALLETE INC
ALEC,ALECTOR INC
ALEX,ALEXANDER AND BALDWIN INC
ALG,ALAMO GROUP INC
ALGM,ALLEGRO MICROSYSTEMS INC
ALGN,ALIGN TECHNOLOGY INC
ALGT,ALLEGIANT TRAVEL
ALHC,ALIGNMENT HEALTHCARE INC
ALIT,ALIGHT INC CLASS A
ALK,ALASKA AIR GROUP INC
ALKS,ALKERMES
ALKT,ALKAMI TECHNOLOGY INC
ALL,ALLSTATE CORP
ALLE,ALLEGION PLC
ALLK,ALLAKOS INC
ALLO,ALLOGENE THERAPEUTICS INC
ALLY,ALLY FINANCIAL INC
ALNT,ALLIENT INC
ALNY,ALNYLAM PHARMACEUTICALS INC
ALPN,ALPINE IMMUNE SCIENCES INC
ALRM,ALARM.COM HOLDINGS INC
ALRS,ALERUS FINANCIAL CORP
ALSN,ALLISON TRANSMISSION HOLDINGS INC
ALT,ALTIMMUNE INC
ALTG,ALTA EQUIPMENT GROUP INC CLASS A
ALTM,ARCADIUM LITHIUM PLC
ALTR,ALTAIR ENGINEERING INC CLASS A
ALX,ALEXANDERS REIT INC
ALXO,ALX ONCOLOGY HOLDINGS INC
AM,ANTERO MIDSTREAM CORP
AMAL,AMALGAMATED FINANCIAL
AMAT,APPLIED MATERIAL INC
AMBA,AMBARELLA INC
AMBC,AMBAC FINANCIAL GROUP INC
AMBP,ARDAGH METAL PACKAGING SA
AMC,AMC ENTERTAINMENT HOLDINGS INC CLA
AMCR,AMCOR PLC
AMCX,AMC NETWORKS CLASS A INC
AMD,ADVANCED MICRO DEVICES INC
AME,AMETEK INC
AMED,AMEDISYS INC
AMG,AFFILIATED MANAGERS GROUP INC
AMGN,AMGEN INC
AMH,AMERICAN HOMES RENT REIT CLASS A
AMK,ASSETMARK FINANCIAL HOLDINGS INC
AMKR,AMKOR TECHNOLOGY INC
AMLX,AMYLYX PHARMACEUTICALS INC
AMN,AMN HEALTHCARE INC
AMP,AMERIPRISE FINANCE INC
AMPH,AMPHASTAR PHARMACEUTICALS INC
AMPL,AMPLITUDE INC CLASS A
AMPS,ALTUS POWER INC CLASS A
AMPY,AMPLIFY ENERGY CORP
AMR,ALPHA METALLURGICAL RESOURCE INC
AMRC,AMERESCO INC CLASS A
AMRK,A MARK PRECIOUS METALS INC
AMRX,AMNEAL PHARMACEUTICALS INC CLASS A
AMSF,AMERISAFE INC
AMSWA,AMERICAN SOFTWARE INC CLASS A
AMT,AMERICAN TOWER REIT CORP
AMTB,AMERANT BANCORP INC CLASS A
AMWD,AMERICAN WOODMARK CORP
AMWL,AMERICAN WELL CORP CLASS A
AMZN,AMAZON COM INC
AN,AUTONATION INC
ANAB,ANAPTYSBIO INC
ANDE,ANDERSONS INC
ANET,ARISTA NETWORKS INC
ANF,ABERCROMBIE AND FITCH CLASS A
ANGO,ANGIODYNAMICS INC
ANIK,ANIKA THERAPEUTICS INC
ANIP,ANI PHARMACEUTICALS INC
ANNX,ANNEXON INC
ANSS,ANSYS INC
AON,AON PLC CLASS A
AORT,ARTIVION INC
AOS,A O SMITH CORP
AOSL,ALPHA AND OMEGA SEMICONDUCTOR LTD
APA,APA CORP
APAM,ARTISAN PARTNERS ASSET MANAGEMENT
APD,AIR PRODUCTS AND CHEMICALS INC
APG,API GROUP CORP
APGE,APOGEE THERAPEUTICS INC
APH,AMPHENOL CORP CLASS A
APLD,APPLIED DIGITAL CORP
APLE,APPLE HOSPITALITY REIT INC
APLS,APELLIS PHARMACEUTICALS INC
APO,APOLLO GLOBAL MANAGEMENT INC
APOG,APOGEE ENTERPRISES INC
APP,APPLOVIN CORP CLASS A
APPF,APPFOLIO INC CLASS A
APPN,APPIAN CORP CLASS A
APPS,DIGITAL TURBINE INC
APTV,APTIV PLC
AR,ANTERO RESOURCES CORP
ARAY,ACCURAY INC
ARCB,ARCBEST CORP
ARCH,ARCH RESOURCES INC CLASS A
ARCT,ARCTURUS THERAPEUTICS HOLDINGS INC
ARD,ARDAGH GROUP SA CLASS A
ARDX,ARDELYX INC
ARE,ALEXANDRIA REAL ESTATE EQUITIES RE
ARES,ARES MANAGEMENT CORP CLASS A
ARI,APOLLO COMMERCIAL REAL ESTATE FINA
ARIS,ARIS WATER SOLUTIONS INC CLASS A
ARKO,ARKO
ARLO,ARLO TECHNOLOGIES INC
ARMK,ARAMARK
AROC,ARCHROCK INC
AROW,ARROW FINANCIAL CORP
ARQT,ARCUTIS BIOTHERAPEUTICS INC
ARR,ARMOUR RESIDENTIAL REIT INC
ARRY,ARRAY TECHNOLOGIES INC
ARTNA,ARTESIAN RESOURCES CORP CLASS A
ARVN,ARVINAS INC
ARW,ARROW ELECTRONICS INC
ARWR,ARROWHEAD PHARMACEUTICALS INC
ASAN,ASANA INC CLASS A
ASB,ASSOCIATED BANCORP
ASC,ARDMORE SHIPPING CORP
ASGN,ASGN INC
ASH,ASHLAND INC
ASIX,ADVANSIX INC
ASLE,AERSALE CORP
ASO,ACADEMY SPORTS AND OUTDOORS INC
ASPN,ASPEN AEROGELS INC
ASRT,ASSERTIO HOLDINGS INC
ASTE,ASTEC INDUSTRIES INC
ASTH,ASTRANA HEALTH INC
ASTS,AST SPACEMOBILE INC CLASS A
ASUR,ASURE SOFTWARE INC
ATEC,ALPHATEC HOLDNGS INC
ATEN,A10 NETWORKS INC
ATEX,ANTERIX INC
ATGE,ADTALEM GLOBAL EDUCATION INC
ATI,ATI INC
ATKR,ATKORE INC
ATMU,ATMUS FILTRATION TECHNOLOGIES INC
ATNI,ATN INTERNATIONAL INC
ATO,ATMOS ENERGY CORP
ATR,APTARGROUP INC
ATRA,ATARA BIOTHERAPEUTICS INC
ATRC,ATRICURE INC
ATRI,ATRION CORP
ATRO,ASTRONICS CORP
ATSG,AIR TRANSPORT SERVICES GROUP INC
ATXS,ASTRIA THERAPEUTICS INC
AUB,ATLANTIC UNION BANKSHARES CORP
AUPH,AURINIA PHARMACEUTICALS INC
AUR,AURORA INNOVATION INC CLASS A
AURA,AURA BIOSCIENCES INC
AVA,AVISTA CORP
AVAV,AEROVIRONMENT INC
AVB,AVALONBAY COMMUNITIES REIT INC
AVD,AMER VANGUARD CORP
AVDX,AVIDXCHANGE HOLDINGS INC
AVGO,BROADCOM INC
AVIR,ATEA PHARMACEUTICALS INC
AVNS,AVANOS MEDICAL INC
AVNT,AVIENT CORP
AVNW,AVIAT NETWORKS INC
AVO,MISSION PRODUCE INC
AVPT,AVEPOINT INC CLASS A
AVT,AVNET INC
AVTE,AEROVATE THERAPEUTICS INC
AVTR,AVANTOR INC
AVXL,ANAVEX LIFE SCIENCES CORP
AVY,AVERY DENNISON CORP
AWI,ARMSTRONG WORLD INDUSTRIES INC
AWK,AMERICAN WATER WORKS INC
AWR,AMERICAN STATES WATER
AX,AXOS FINANCIAL INC
AXGN,AXOGEN INC
AXL,AMERICAN AXLE AND MANUFACTURING HO
AXNX,AXONICS INC
AXON,AXON ENTERPRISE INC
AXP,AMERICAN EXPRESS
AXS,AXIS CAPITAL HOLDINGS LTD
AXSM,AXSOME THERAPEUTICS INC
AXTA,AXALTA COATING SYSTEMS LTD
AYI,ACUITY BRANDS INC
AZEK,AZEK COMPANY INC CLASS A
AZO,AUTOZONE INC
AZPN,ASPEN TECHNOLOGY INC
AZTA,AZENTA INC
AZZ,AZZ INC
B,BARNES GROUP INC
BA,BOEING
BAC,BANK OF AMERICA CORP
BAH,BOOZ ALLEN HAMILTON HOLDING CORP C
BALL,BALL CORP
BALY,BALLY S CORP
BANC,BANC OF CALIFORNIA INC
BAND,BANDWIDTH INC CLASS A
BANF,BANCFIRST CORP
BANR,BANNER CORP
BASE,COUCHBASE INC
BATRA,ATLANTA BRAVES HOLDINGS INC SERIES
BATRK,ATLANTA BRAVES HOLDINGS INC SERIES
BAX,BAXTER INTERNATIONAL INC
BBIO,BRIDGEBIO PHARMA INC
BBSI,BARRETT BUSINESS SERVICES INC
BBUC,BROOKFIELD BUSINESS CORP CLASS A
BBW,BUILD A BEAR WORKSHOP INC
BBWI,BATH AND BODY WORKS INC
BBY,BEST BUY CO INC
BC,BRUNSWICK CORP
BCBP,BCB BANCORP INC
BCC,BOISE CASCADE
BCML,BAYCOM CORP
BCO,BRINKS
BCPC,BALCHEM CORP
BCRX,BIOCRYST PHARMACEUTICALS INC
BDC,BELDEN INC
BDN,BRANDYWINE REALTY TRUST REIT
BDX,BECTON DICKINSON
BE,BLOOM ENERGY CLASS A CORP
BEAM,BEAM THERAPEUTICS INC
BECN,BEACON ROOFING SUPPLY INC
BELFB,BEL FUSE INC CLASS B
BEN,FRANKLIN RESOURCES INC
BEPC,BROOKFIELD RENEWABLE SUBORDINATE V
BERY,BERRY GLOBAL GROUP INC
BFA,BROWN FORMAN CORP CLASS A
BFAM,BRIGHT HORIZONS FAMILY SOLUTIONS I
BFB,BROWN FORMAN CORP CLASS B
BFC,BANK FIRST CORP
BFH,BREAD FINANCIAL HOLDINGS INC
BFLY,BUTTERFLY NETWORK INC CLASS A
BFS,SAUL CENTERS REIT INC
BFST,BUSINESS FIRST BANCSHARES INC
BG,BUNGE GLOBAL SA
BGC,BGC GROUP INC CLASS A
BGS,B AND G FOODS INC
BHB,BAR HARBOR BANKSHARES
BHE,BENCHMARK ELECTRONICS INC
BHF,BRIGHTHOUSE FINANCIAL INC
BHIL,BENSON HILL INC
BHLB,BERKSHIRE HILLS BANCORP INC
BHR,BRAEMAR HOTELS RESORTS INC
BHRB,BURKE HERBERT FINANCIAL SERVICES T
BHVN,BIOHAVEN LTD
BIG,BIG LOTS INC
BIGC,BIGCOMMERCE HOLDINGS INC SERIES
BIIB,BIOGEN INC
BILL,BILL HOLDINGS INC
BIO,BIO RAD LABORATORIES INC CLASS A
BIPC,BROOKFIELD INFRASTRUCTURE CORP CLA
BIRD,ALLBIRDS INC CLASS A
BIRK,BIRKENSTOCK HOLDING PLC
BJ,BJS WHOLESALE CLUB HOLDINGS INC
BJRI,BJS RESTAURANTS INC
BK,BANK OF NEW YORK MELLON CORP
BKD,BROOKDALE SENIOR LIVING INC
BKE,BUCKLE INC
BKH,BLACK HILLS CORP
BKNG,BOOKING HOLDINGS INC
BKR,BAKER HUGHES CLASS A
BKU,BANKUNITED INC
BL,BLACKLINE INC
BLBD,BLUE BIRD CORP
BLD,TOPBUILD CORP
BLDE,BLADE AIR MOBILITY INC CLASS A
BLDR,BUILDERS FIRSTSOURCE INC
BLFS,BIOLIFE SOLUTIONS INC
BLFY,BLUE FOUNDRY BANCORP
BLK,BLACKROCK INC
BLKB,BLACKBAUD INC
BLMN,BLOOMIN BRANDS INC
BLNK,BLINK CHARGING
BLUE,BLUEBIRD BIO INC
BLX,BANCO LATINOAMERICANO DE COMERCIO
BMBL,BUMBLE INC CLASS A
BMEA,BIOMEA FUSION INC
BMI,BADGER METER INC
BMRC,BANK OF MARIN BANCORP
BMRN,BIOMARIN PHARMACEUTICAL INC
BMY,BRISTOL MYERS SQUIBB
BNL,BROADSTONE NET LEASE INC
BOC,BOSTON OMAHA CORP CLASS A
BOH,BANK OF HAWAII CORP
BOKF,BOK FINANCIAL CORP
BOOM,DMC GLOBAL INC
BOOT,BOOT BARN HOLDINGS INC
BORR,BORR DRILLING LTD
BOWL,BOWLERO CORP CLASS A
BOX,BOX INC CLASS A
BPMC,BLUEPRINT MEDICINES CORP
BPOP,POPULAR INC
BR,BROADRIDGE FINANCIAL SOLUTIONS INC
BRBR,BELLRING BRANDS INC
BRCC,BRC INC CLASS A
BRKB,BERKSHIRE HATHAWAY INC CLASS B
BRKL,BROOKLINE BANCORP INC
BRKR,BRUKER CORP
BRO,BROWN & BROWN INC
BRP,BRP GROUP INC CLASS A
BRSP,BRIGHTSPIRE CAPITAL INC CLASS A
BRX,BRIXMOR PROPERTY GROUP REIT INC
BRY,BERRY
BRZE,BRAZE INC CLASS A
BSIG,BRIGHTSPHERE INVESTMENT GROUP INC
BSRR,SIERRA BANCORP
BSX,BOSTON SCIENTIFIC CORP
BSY,BENTLEY SYSTEMS INC CLASS B
BTAI,BIOXCEL THERAPEUTICS INC
BTBT,BIT DIGITAL INC
BTSG,BRIGHTSPRING HEALTH SERVICES INC
BTU,PEABODY ENERGY CORP
BURL,BURLINGTON STORES INC
BUSE,FIRST BUSEY CORP
BV,BRIGHTVIEW HOLDINGS INC
BW,BABCOCK AND WILCOX ENTERPRISES INC
BWA,BORGWARNER INC
BWB,BRIDGEWATER BANCSHARES INC
BWMN,BOWMAN CONSULTING GROUP LTD
BWXT,BWX TECHNOLOGIES INC
BX,BLACKSTONE INC
BXC,BLUELINX HOLDINGS INC
BXMT,BLACKSTONE MORTGAGE TRUST REIT CLA
BXP,BOSTON PROPERTIES REIT INC
BY,BYLINE BANCORP INC
BYD,BOYD GAMING CORP
BYND,BEYOND MEAT INC
BYON,BEYOND INC
BZH,BEAZER HOMES INC
C,CITIGROUP INC
CABA,CABALETTA BIO INC
CABO,CABLE ONE INC
CAC,CAMDEN NATIONAL CORP
CACC,CREDIT ACCEPTANCE CORP
CACI,CACI INTERNATIONAL INC CLASS A
CADE,CADENCE BANK
CAG,CONAGRA BRANDS INC
CAH,CARDINAL HEALTH INC
CAKE,CHEESECAKE FACTORY INC
CAL,CALERES INC
CALM,CAL MAINE FOODS INC
CALX,CALIX NETWORKS INC
CAR,AVIS BUDGET GROUP INC
CARA,CARA THERAPEUTICS INC
CARE,CARTER BANKSHARES INC
CARG,CARGURUS INC CLASS A
CARM,CARISMA THERAPEUTICS INC
CARR,CARRIER GLOBAL CORP
CARS,CARS.COM INC
CART,MAPLEBEAR INC
CASH,PATHWARD FINANCIAL INC
CASS,CASS INFORMATION SYSTEMS INC
CASY,CASEYS GENERAL STORES INC
CAT,CATERPILLAR INC
CATC,CAMBRIDGE BANCORP
CATY,CATHAY GENERAL BANCORP
CAVA,CAVA GROUP INC
CB,CHUBB LTD
CBAN,COLONY BANKCORP INC
CBL,CBL ASSOCIATES PROPERTIES INC
CBOE,CBOE GLOBAL MARKETS INC
CBRE,CBRE GROUP INC CLASS A
CBRL,CRACKER BARREL OLD COUNTRY STORE I
CBSH,COMMERCE BANCSHARES INC
CBT,CABOT CORP
CBU,COMMUNITY BANK SYSTEM INC
CBZ,CBIZ INC
CC,CHEMOURS
CCB,COASTAL FINANCIAL CORP
CCBG,CAPITAL CITY BANK INC
CCCS,CCC INTELLIGENT SOLUTIONS HOLDINGS
CCI,CROWN CASTLE INC
CCK,CROWN HOLDINGS INC
CCL,CARNIVAL CORP
CCNE,CNB FINANCIAL CORP
CCO,CLEAR CHANNEL OUTDOOR HOLDINGS INC
CCOI,COGENT COMMUNICATIONS HOLDINGS INC
CCRN,CROSS COUNTRY HEALTHCARE INC
CCS,CENTURY COMMUNITIES INC
CCSI,CONSENSUS CLOUD SOLUTIONS INC
CDE,COEUR MINING INC
CDLX,CARDLYTICS INC
CDMO,AVID BIOSERVICES INC
CDNA,CAREDX INC
CDNS,CADENCE DESIGN SYSTEMS INC
CDP,COPT DEFENSE PROPERTIES
CDRE,CADRE HOLDINGS INC
CDW,CDW CORP
CDXS,CODEXIS INC
CE,CELANESE CORP
CECO,CECO ENVIRONMENTAL CORP
CEG,CONSTELLATION ENERGY CORP
CEIX,CONSOL ENERGY INC
CELC,CELCUITY INC
CELH,CELSIUS HOLDINGS INC
CENT,CENTRAL GARDEN AND PET
CENTA,CENTRAL GARDEN AND PET CLASS A
CENX,CENTURY ALUMINUM
CERE,CEREVEL THERAPEUTICS HOLDINGS INC
CERS,CERUS CORP
CERT,CERTARA INC
CEVA,CEVA INC
CF,CF INDUSTRIES HOLDINGS INC
CFB,CROSSFIRST BANKSHARES INC
CFFN,CAPITOL FEDERAL FINANCIAL INC
CFG,CITIZENS FINANCIAL GROUP INC
CFLT,CONFLUENT INC CLASS A
CFR,CULLEN FROST BANKERS INC
CG,CARLYLE GROUP INC
CGEM,CULLINAN ONCOLOGY INC
CGNX,COGNEX CORP
CGON,CG ONCOLOGY INC
CHCO,CITY HOLDING
CHCT,COMMUNITY HEALTHCARE TRUST INC
CHD,CHURCH AND DWIGHT INC
CHDN,CHURCHILL DOWNS INC
CHE,CHEMED CORP
CHEF,CHEFS WAREHOUSE INC
CHGG,CHEGG INC
CHH,CHOICE HOTELS INTERNATIONAL INC
CHK,CHESAPEAKE ENERGY CORP
CHPT,CHARGEPOINT HOLDINGS INC CLASS A
CHRD,CHORD ENERGY CORP
CHRS,COHERUS BIOSCIENCES INC
CHRW,CH ROBINSON WORLDWIDE INC
CHTR,CHARTER COMMUNICATIONS INC CLASS A
CHUY,CHUYS HOLDINGS INC
CHX,CHAMPIONX CORP
CI,CIGNA
CIEN,CIENA CORP
CIM,CHIMERA INVESTMENT CORP
CINF,CINCINNATI FINANCIAL CORP
CIO,CITY OFFICE REIT INC
CIVB,CIVISTA BANCSHARES INC
CIVI,CIVITAS RESOURCES INC
CL,COLGATE-PALMOLIVE
CLB,CORE LABORATORIES INC
CLBK,COLUMBIA FINANCIAL INC
CLDT,CHATHAM LODGING TRUST REIT
CLDX,CELLDEX THERAPEUTICS INC
CLF,CLEVELAND CLIFFS INC
CLFD,CLEARFIELD INC
CLH,CLEAN HARBORS INC
CLMB,CLIMB GLOBAL SOLUTIONS INC
CLNE,CLEAN ENERGY FUELS CORP
CLSK,CLEANSPARK INC
CLVT,CLARIVATE PLC
CLW,CLEARWATER PAPER CORP
CLX,CLOROX
CMA,COMERICA INC
CMAX,CAREMAX INC CLASS A
CMBM,CAMBIUM NETWORKS CORP
CMC,COMMERCIAL METALS
CMCL,CALEDONIA MINING PLC
CMCO,COLUMBUS MCKINNON CORP
CMCSA,COMCAST CORP CLASS A
CME,CME GROUP INC CLASS A
CMG,CHIPOTLE MEXICAN GRILL INC
CMI,CUMMINS INC
CMP,COMPASS MINERALS INTERNATIONAL INC
CMPR,CIMPRESS PLC
CMPX,COMPASS THERAPEUTICS
CMRE,COSTAMARE INC
CMS,CMS ENERGY CORP
CMT,CORE MOLDING TECHNOLOGIES INC
CMTG,CLAROS MORTGAGE TRUST INC
CMTL,COMTECH TELECOMMUNICATIONS CORP
CNA,CNA FINANCIAL CORP
CNC,CENTENE CORP
CNDT,CONDUENT INC
CNHI,CNH INDUSTRIAL N.V. NV
CNK,CINEMARK HOLDINGS INC
CNM,CORE & MAIN INC CLASS A
CNMD,CONMED CORP
CNNE,CANNAE HOLDINGS INC
CNO,CNO FINANCIAL GROUP INC
CNOB,CONNECTONE BANCORP INC
CNP,CENTERPOINT ENERGY INC
CNS,COHEN & STEERS INC
CNSL,CONSOLIDATED COMMUNICATIONS HOLDIN
CNX,CNX RESOURCES CORP
CNXC,CONCENTRIX CORP
CNXN,PC CONNECTION INC
COCO,THE VITA COCO COMPANY INC
CODI,COMPASS DIVERSIFIED
COF,CAPITAL ONE FINANCIAL CORP
COGT,COGENT BIOSCIENCES INC
COHR,COHERENT CORP
COHU,COHU INC
COIN,COINBASE GLOBAL INC CLASS A
COKE,COCA COLA CONSOLIDATED INC
COLB,COLUMBIA BANKING SYSTEM INC
COLD,AMERICOLD REALTY INC TRUST
COLL,COLLEGIUM PHARMACEUTICAL INC
COLM,COLUMBIA SPORTSWEAR
COMM,COMMSCOPE HOLDING INC
COMP,COMPASS INC CLASS A
COO,COOPER INC
COOP,MR COOPER GROUP INC
COP,CONOCOPHILLIPS
COR,CENCORA INC
CORT,CORCEPT THERAPEUTICS INC
COST,COSTCO WHOLESALE CORP
COTY,COTY INC CLASS A
COUR,COURSERA INC
CPAY,CORPAY INC
CPB,CAMPBELL SOUP
CPF,CENTRAL PACIFIC FINANCIAL CORP
CPK,CHESAPEAKE UTILITIES CORP
CPNG,COUPANG INC CLASS A
CPRI,CAPRI HOLDINGS LTD
CPRT,COPART INC
CPRX,CATALYST PHARMACEUTICALS INC
CPS,COOPER STANDARD HOLDINGS INC
CPT,CAMDEN PROPERTY TRUST REIT
CR,CRANE
CRAI,CRA INTERNATIONAL INC
CRBU,CARIBOU BIOSCIENCES INC
CRC,CALIFORNIA RESOURCES CORP
CRCT,CRICUT INC CLASS A
CRDO,CREDO TECHNOLOGY GROUP HOLDING LTD
CRGX,CARGO THERAPEUTICS INC
CRGY,CRESCENT ENERGY CLASS A
CRI,CARTERS INC
CRK,COMSTOCK RESOURCES INC
CRL,CHARLES RIVER LABORATORIES INTERNA
CRM,SALESFORCE INC
CRMD,CORMEDIX INC
CRMT,AMERICAS CAR MART INC
CRNC,CERENCE INC
CRNX,CRINETICS PHARMACEUTICALS INC
CROX,CROCS INC
CRS,CARPENTER TECHNOLOGY CORP
CRSR,CORSAIR GAMING INC
CRUS,CIRRUS LOGIC INC
CRVL,CORVEL CORP
CRWD,CROWDSTRIKE HOLDINGS INC CLASS A
CSCO,CISCO SYSTEMS INC
CSGP,COSTAR GROUP INC
CSGS,CSG SYSTEMS INTERNATIONAL INC
CSL,CARLISLE COMPANIES INC
CSR,CENTERSPACE
CSTL,CASTLE BIOSCIENCES INC
CSTM,CONSTELLIUM SE CLASS A
CSV,CARRIAGE SERVICES INC
CSWI,CSW INDUSTRIALS INC
CSX,CSX CORP
CTAS,CINTAS CORP
CTBI,COMMUNITY TRUST BANCORP INC
CTKB,CYTEK BIOSCIENCES INC
CTLP,CANTALOUPE INC
CTLT,CATALENT INC
CTO,CTO REALTY GROWTH INC
CTOS,CUSTOM TRUCK ONE SOURCE INC
CTRA,COTERRA ENERGY INC
CTRE,CARETRUST REIT INC
CTS,CTS CORP
CTSH,COGNIZANT TECHNOLOGY SOLUTIONS COR
CTVA,CORTEVA INC
CUBE,CUBESMART REIT
CUBI,CUSTOMERS BANCORP INC
CUTR,CUTERA INC
CUZ,COUSINS PROPERTIES REIT INC
CVBF,CVB FINANCIAL CORP
CVCO,CAVCO INDUSTRIES INC
CVGI,COMMERCIAL VEHICLE GROUP INC
CVGW,CALAVO GROWERS INC
CVI,CVR ENERGY INC
CVLG,COVENANT LOGISTICS GROUP INC CLASS
CVLT,COMMVAULT SYSTEMS INC
CVLY,CODORUS VALLEY BANCORP INC
CVNA,CARVANA CLASS A
CVRX,CVRX INC
CVS,CVS HEALTH CORP
CVX,CHEVRON CORP
CW,CURTISS WRIGHT CORP
CWCO,CONSOLIDATED WATER LTD
CWEN,CLEARWAY ENERGY INC CLASS C
CWENA,CLEARWAY ENERGY INC CLASS A
CWH,CAMPING WORLD HOLDINGS INC CLASS A
CWK,CUSHMAN AND WAKEFIELD PLC
CWST,CASELLA WASTE SYSTEMS INC CLASS A
CWT,CALIFORNIA WATER SERVICE GROUP
CXM,SPRINKLR INC CLASS A
CXT,CRANE NXT
CXW,CORECIVIC REIT INC
CYH,COMMUNITY HEALTH SYSTEMS INC
CYRX,CRYOPORT INC
CYTK,CYTOKINETICS INC
CZFS,CITIZENS FINANCIAL SERVICES INC
CZNC,CITIZENS AND NORTHERN CORP
CZR,CAESARS ENTERTAINMENT INC
D,DOMINION ENERGY INC
DAKT,DAKTRONICS INC
DAL,DELTA AIR LINES INC
DAN,DANA INCORPORATED INC
DAR,DARLING INGREDIENTS INC
DASH,DOORDASH INC CLASS A
DAWN,DAY ONE BIOPHARMACEUTICALS INC
DAY,DAYFORCE INC
DBI,DESIGNER BRANDS INC CLASS A
DBRG,DIGITALBRIDGE GROUP INC CLASS A
DBX,DROPBOX INC CLASS A
DCGO,DOCGO INC
DCI,DONALDSON INC
DCO,DUCOMMUN INC
DCOM,DIME COMMUNITY BANCSHARES INC
DCPH,DECIPHERA PHARMACEUTICALS INC
DD,DUPONT DE NEMOURS INC
DDD,3D SYSTEMS CORP
DDOG,DATADOG INC CLASS A
DDS,DILLARDS INC CLASS A
DE,DEERE
DEA,EASTERLY GOVERNMENT PROPERTIES INC
DECK,DECKERS OUTDOOR CORP
DEI,DOUGLAS EMMETT REIT INC
DENN,DENNYS CORP
DFH,DREAM FINDERS HOMES INC CLASS A
DFIN,DONNELLEY FINANCIAL SOLUTIONS INC
DFS,DISCOVER FINANCIAL SERVICES
DG,DOLLAR GENERAL CORP
DGICA,DONEGAL GROUP INC CLASS A
DGII,DIGI INTERNATIONAL INC
DGX,QUEST DIAGNOSTICS INC
DH,DEFINITIVE HEALTHCARE CORP CLASS A
DHC,DIVERSIFIED HEALTHCARE TRUST
DHI,D R HORTON INC
DHIL,DIAMOND HILL INVESTMENT GROUP INC
DHR,DANAHER CORP
DHT,DHT HOLDINGS INC
DIN,DINE BRANDS GLOBAL INC
DINO,HF SINCLAIR CORP
DIOD,DIODES INC
DIS,WALT DISNEY
DJCO,DAILY JOURNAL CORP
DK,DELEK US HOLDINGS INC
DKNG,DRAFTKINGS INC CLASS A
DKS,DICKS SPORTING INC
DLB,DOLBY LABORATORIES INC CLASS A
DLR,DIGITAL REALTY TRUST REIT INC
DLTR,DOLLAR TREE INC
DLX,DELUXE CORP
DM,DESKTOP METAL INC CLASS A
DMRC,DIGIMARC CORP
DNA,GINKGO BIOWORKS HOLDINGS INC CLASS
DNB,DUN BRADST HLDG INC
DNLI,DENALI THERAPEUTICS INC
DNMR,DANIMER SCIENTIFIC INC CLASS A
DNOW,DNOW INC
DNUT,KRISPY KREME INC
DO,DIAMOND OFFSHORE DRILLING INC
DOC,HEALTHPEAK PROPERTIES INC
DOCN,DIGITALOCEAN HOLDINGS INC
DOCS,DOXIMITY INC CLASS A
DOCU,DOCUSIGN INC
DOLE,DOLE PLC
DOMO,DOMO INC CLASS B
DOOR,MASONITE INTERNATIONAL CORP
DORM,DORMAN PRODUCTS INC
DOUG,DOUGLAS ELLIMAN INC
DOV,DOVER CORP
DOW,DOW INC
DOX,AMDOCS LTD
DPZ,DOMINOS PIZZA INC
DRH,DIAMONDROCK HOSPITALITY REIT
DRI,DARDEN RESTAURANTS INC
DRQ,DRIL QUIP INC
DRS,LEONARDO DRS INC
DRVN,DRIVEN BRANDS HOLDINGS INC
DSGN,DESIGN THERAPEUTICS INC
DSGR,DISTRIBUTION SOLUTIONS GROUP INC
DT,DYNATRACE INC
DTE,DTE ENERGY
DTM,DT MIDSTREAM INC
DUK,DUKE ENERGY CORP
DUOL,DUOLINGO INC CLASS A
DV,DOUBLEVERIFY HOLDINGS INC
DVA,DAVITA INC
DVAX,DYNAVAX TECHNOLOGIES CORP
DVN,DEVON ENERGY CORP
DX,DYNEX CAPITAL REIT INC
DXC,DXC TECHNOLOGY
DXCM,DEXCOM INC
DXLG,DESTINATION XL GROUP INC
DXPE,DXP ENTERPRISES INC
DY,DYCOM INDUSTRIES INC
DYN,DYNE THERAPEUTICS INC
EA,ELECTRONIC ARTS INC
EAF,GRAFTECH INTERNATIONAL LTD
EAT,BRINKER INTERNATIONAL INC
EB,EVENTBRITE CLASS A INC
EBAY,EBAY INC
EBC,EASTERN BANKSHARES INC
EBF,ENNIS INC
EBS,EMERGENT BIOSOLUTIONS INC
EBTC,ENTERPRISE BANCORP INC
ECL,ECOLAB INC
ECPG,ENCORE CAPITAL GROUP INC
ECVT,ECOVYST INC
ED,CONSOLIDATED EDISON INC
EDIT,EDITAS MEDICINE INC
EE,EXCELERATE ENERGY INC CLASS A
EEFT,EURONET WORLDWIDE INC
EFC,ELLINGTON FINANCIAL INC
EFSC,ENTERPRISE FINANCIAL SERVICES CORP
EFX,EQUIFAX INC
EG,EVEREST GROUP LTD
EGBN,EAGLE BANCORP INC
EGHT,8X8 INC
EGP,EASTGROUP PROPERTIES REIT INC
EGRX,EAGLE PHARMACEUTICALS INC
EGY,VAALCO ENERGY INC
EHAB,ENHABIT INC
EHC,ENCOMPASS HEALTH CORP
EHTH,EHEALTH INC
EIG,EMPLOYERS HOLDINGS INC
EIX,EDISON INTERNATIONAL
EL,ESTEE LAUDER INC CLASS A
ELAN,ELANCO ANIMAL HEALTH INC
ELF,ELF BEAUTY INC
ELME,ELME
ELS,EQUITY LIFESTYLE PROPERTIES REIT I
ELV,ELEVANCE HEALTH INC
ELVN,ENLIVEN THERAPEUTICS INC
EMBC,EMBECTA CORP
EME,EMCOR GROUP INC
EMN,EASTMAN CHEMICAL
EMR,EMERSON ELECTRIC
ENFN,ENFUSION INC CLASS A
ENOV,ENOVIS CORP
ENPH,ENPHASE ENERGY INC
ENR,ENERGIZER HOLDINGS INC
ENS,ENERSYS
ENSG,ENSIGN GROUP INC
ENTA,ENANTA PHARMACEUTICALS INC
ENTG,ENTEGRIS INC
ENV,ENVESTNET INC
ENVA,ENOVA INTERNATIONAL INC
ENVX,ENOVIX CORP
EOG,EOG RESOURCES INC
EOLS,EVOLUS INC
EOSE,EOS ENERGY ENTERPRISES INC CLASS A
EPAC,ENERPAC TOOL GROUP CORP CLASS A
EPAM,EPAM SYSTEMS INC
EPC,EDGEWELL PERSONAL CARE
EPM,EVOLUTION PETROLEUM CORP
EPR,EPR PROPERTIES REIT
EPRT,ESSENTIAL PROPERTIES REALTY TRUST
EQBK,EQUITY BANCSHARES INC CLASS A
EQC,EQUITY COMMONWEALTH REIT
EQH,EQUITABLE HOLDINGS INC
EQIX,EQUINIX REIT INC
EQR,EQUITY RESIDENTIAL REIT
EQT,EQT CORP
ERAS,ERASCA INC
ERII,ENERGY RECOVERY INC
ES,EVERSOURCE ENERGY
ESAB,ESAB CORP
ESE,ESCO TECHNOLOGIES INC
ESGR,ENSTAR GROUP LTD
ESI,ELEMENT SOLUTIONS INC
ESNT,ESSENT GROUP LTD
ESQ,ESQUIRE FINANCIAL HOLDINGS INC
ESRT,EMPIRE STATE REALTY REIT INC TRUST
ESS,ESSEX PROPERTY TRUST REIT INC
ESTC,ELASTIC NV
ETD,ETHAN ALLEN INTERIORS INC
ETN,EATON PLC
ETNB,89BIO INC
ETR,ENTERGY CORP
ETRN,EQUITRANS MIDSTREAM CORP
ETSY,ETSY INC
ETWO,E2OPEN PARENT HOLDINGS INC CLASS A
EU,ENCORE ENERGY CORP
EVBG,EVERBRIDGE INC
EVC,ENTRAVISION COMMUNICATIONS CORP CL
EVCM,EVERCOMMERCE INC
EVER,EVERQUOTE INC CLASS A
EVGO,EVGO INC CLASS A
EVH,EVOLENT HEALTH INC CLASS A
EVLV,EVOLV TECHNOLOGIES HOLDINGS INC CL
EVR,EVERCORE INC CLASS A
EVRG,EVERGY INC
EVRI,EVERI HOLDINGS INC
EVTC,EVERTEC INC
EW,EDWARDS LIFESCIENCES CORP
EWBC,EAST WEST BANCORP INC
EWCZ,EUROPEAN WAX CENTER INC CLASS A
EWTX,EDGEWISE THERAPEUTICS INC
EXAS,EXACT SCIENCES CORP
EXC,EXELON CORP
EXEL,EXELIXIS INC
EXFY,EXPENSIFY INC CLASS A
EXLS,EXLSERVICE HOLDINGS INC
EXP,EAGLE MATERIALS INC
EXPD,EXPEDITORS INTERNATIONAL OF WASHIN
EXPE,EXPEDIA GROUP INC
EXPI,EXP WORLD HOLDINGS INC
EXPO,EXPONENT INC
EXR,EXTRA SPACE STORAGE REIT INC
EXTR,EXTREME NETWORKS INC
EYE,NATIONAL VISION HOLDINGS INC
EYPT,EYEPOINT PHARMACEUTICALS INC
F,FORD MOTOR CO
FA,FIRST ADVANTAGE CORP
FAF,FIRST AMERICAN FINANCIAL CORP
FANG,DIAMONDBACK ENERGY INC
FARO,FARO TECHNOLOGIES INC
FAST,FASTENAL
FATE,FATE THERAPEUTICS INC
FBIN,FORTUNE BRANDS INNOVATIONS INC
FBIZ,FIRST BUSINESS FINANCIAL SERVICES
FBK,FB FINANCIAL CORP
FBMS,FIRST BANCSHARES INC
FBNC,FIRST BANCORP
FBP,FIRST BANCORP
FBRT,FRANKLIN BSP REALTY TRUST INC
FC,FRANKLIN COVEY
FCBC,FIRST COMMUNITY BANKSHARES INC
FCEL,FUELCELL ENERGY INC
FCF,FIRST COMMONWEALTH FINANCIAL CORP
FCFS,FIRSTCASH HOLDINGS INC
FCN,FTI CONSULTING INC
FCNCA,FIRST CITIZENS BANCSHARES INC CLAS
FCPT,FOUR CORNERS PROPERTY INC TRUST
FCX,FREEPORT MCMORAN INC
FDBC,FIDELITY D AND D BANCORP INC
FDMT,4D MOLECULAR THERAPEUTICS INC
FDP,FRESH DEL MONTE PRODUCE INC
FDS,FACTSET RESEARCH SYSTEMS INC
FDX,FEDEX CORP
FE,FIRSTENERGY CORP
FEAM,5E ADVANCED MATERIALS INC
FELE,FRANKLIN ELECTRIC INC
FERG,FERGUSON PLC
FFBC,FIRST FINANCIAL BANCORP
FFIC,FLUSHING FINANCIAL CORP
FFIN,FIRST FINANCIAL BANKSHARES INC
FFIV,F5 INC
FFWM,FIRST FOUNDATION INC
FG,F&G ANNUITIES AND LIFE INC
FGEN,FIBROGEN INC
FHB,FIRST HAWAIIAN INC
FHN,FIRST HORIZON CORP
FI,FISERV INC
FIBK,FIRST INTERSTATE BANCSYSTEM INC
FICO,FAIR ISAAC CORP
FIGS,FIGS INC CLASS A
FIHL,FIDELIS INSURANCE HOLDINGS LTD
FIP,FTAI INFRASTRUCTURE INC
FIS,FIDELITY NATIONAL INFORMATION SERV
FISI,FINANCIAL INSTITUTIONS INC
FITB,FIFTH THIRD BANCORP
FIVE,FIVE BELOW INC
FIVN,FIVE9 INC
FIX,COMFORT SYSTEMS USA INC
FIZZ,NATIONAL BEVERAGE CORP
FL,FOOT LOCKER INC
FLGT,FULGENT GENETICS INC
FLIC,FIRST OF LONG ISLAND CORP
FLNC,FLUENCE ENERGY INC CLASS A
FLNG,FLEX LNG LTD
FLO,FLOWERS FOODS INC
FLR,FLUOR CORP
FLS,FLOWSERVE CORP
FLWS,1-800 FLOWERS.COM INC CLASS A
FLYW,FLYWIRE CORP
FMAO,FARMERS AND MERCHANTS BANCORP INC
FMBH,FIRST MID BANCSHARES INC
FMC,FMC CORP
FMNB,FARMERS NATIONAL BANC CORP
FN,FABRINET
FNA,PARAGON INC
FNB,FNB CORP
FND,FLOOR DECOR HOLDINGS INC CLASS A
FNF,FIDELITY NATIONAL FINANCIAL INC
FNKO,FUNKO INC CLASS A
FNLC,FIRST BANCORP INC
FOLD,AMICUS THERAPEUTICS INC
FOR,FORESTAR GROUP INC
FORM,FORMFACTOR INC
FORR,FORRESTER RESEARCH INC
FOUR,SHIFT4 PAYMENTS INC CLASS A
FOX,FOX CORP CLASS B
FOXA,FOX CORP CLASS A
FOXF,FOX FACTORY HOLDING CORP
FPI,FARMLAND PARTNERS INC
FR,FIRST INDUSTRIAL REALTY TRUST INC
FRBA,FIRST BANK
FRGE,FORGE GLOBAL HOLDINGS INC
FRME,FIRST MERCHANTS CORP
FRPH,FRP HOLDINGS INC
FRPT,FRESHPET INC
FRSH,FRESHWORKS INC CLASS A
FRST,PRIMIS FINANCIAL CORP
FRT,FEDERAL REALTY INVESTMENT TRUST RE
FSBC,FIVE STAR BANCORP
FSLR,FIRST SOLAR INC
FSLY,FASTLY INC CLASS A
FSS,FEDERAL SIGNAL CORP
FTAI,FTAI AVIATION LTD
FTDR,FRONTDOOR INC
FTI,TECHNIPFMC PLC
FTNT,FORTINET INC
FTRE,FORTREA HOLDINGS INC
FTV,FORTIVE CORP
FUBO,FUBOTV INC
FUL,HB FULLER
FULT,FULTON FINANCIAL CORP
FWONA,LIBERTY MEDIA FORMULA ONE CORP SER
FWONK,LIBERTY MEDIA FORMULA ONE CORP SER
FWRD,FORWARD AIR CORP
FWRG,FIRST WATCH RESTAURANT GROUP INC
FYBR,FRONTIER COMMUNICATIONS PARENT INC
G,GENPACT LTD
GABC,GERMAN AMERICAN BANCORP INC
GATX,GATX CORP
GBCI,GLACIER BANCORP INC
GBIO,GENERATION BIO
GBX,GREENBRIER INC
GCI,GANNETT CO INC
GCMG,GCM GROSVENOR INC CLASS A
GCO,GENESCO INC
GD,GENERAL DYNAMICS CORP
GDDY,GODADDY INC CLASS A
GDEN,GOLDEN ENTERTAINMENT INC
GDOT,GREEN DOT CORP CLASS A
GDYN,GRID DYNAMICS HOLDINGS INC CLASS A
GE,GE AEROSPACE
GEF,GREIF INC CLASS A
GEFB,GREIF INC CLASS B
GEHC,GE HEALTHCARE TECHNOLOGIES INC
GEN,GEN DIGITAL INC
GEO,GEO GROUP REIT INC
GERN,GERON CORP
GES,GUESS INC
GEV,GE VERNOVA INC
GEVO,GEVO INC
GFF,GRIFFON CORP
GFS,GLOBALFOUNDRIES INC
GGG,GRACO INC
GH,GUARDANT HEALTH INC
GHC,GRAHAM HOLDINGS COMPANY CLASS B
GIC,GLOBAL INDUSTRIAL
GIII,G III APPAREL GROUP LTD
GILD,GILEAD SCIENCES INC
GIS,GENERAL MILLS INC
GKOS,GLAUKOS CORP
GL,GLOBE LIFE INC
GLDD,GREAT LAKES DREDGE AND DOCK CORP
GLNG,GOLAR LNG LTD
GLOB,GLOBANT SA
GLPI,GAMING AND LEISURE PROPERTIES REIT
GLRE,GREENLIGHT CAPITAL LTD CLASS A
GLUE,MONTE ROSA THERAPEUTICS INC
GLW,CORNING INC
GM,GENERAL MOTORS
GME,GAMESTOP CORP CLASS A
GMED,GLOBUS MEDICAL INC CLASS A
GMRE,GLOBAL MEDICAL REIT INC
GMS,GMS INC
GNE,GENIE ENERGY LTD CLASS B
GNK,GENCO SHIPPING AND TRADING LTD
GNL,GLOBAL NET LEASE INC
GNLX,GENELUX CORP
GNRC,GENERAC HOLDINGS INC
GNTX,GENTEX CORP
GNTY,GUARANTY BANCSHARES INC
GNW,GENWORTH FINANCIAL A INC
GO,GROCERY OUTLET HOLDING CORP
GOGL,GOLDEN OCEAN GROUP LTD
GOGO,GOGO INC
GOLF,ACUSHNET HOLDINGS CORP
GOOD,GLADSTONE COMMERCIAL REIT CORP
GOOG,ALPHABET INC CLASS C
GOOGL,ALPHABET INC CLASS A
GPC,GENUINE PARTS
GPI,GROUP AUTOMOTIVE INC
GPK,GRAPHIC PACKAGING HOLDING
GPMT,GRANITE POINT MORTGAGE TRUST INC
GPN,GLOBAL PAYMENTS INC
GPOR,GULFPORT ENERGY CORP
GPRE,GREEN PLAINS INC
GPRO,GOPRO INC CLASS A
GPS,GAP INC
GRBK,GREEN BRICK PARTNERS INC
GRC,GORMAN-RUPP
GRMN,GARMIN LTD
GRND,GRINDR INC
GRWG,GROWGENERATION CORP
GS,GOLDMAN SACHS GROUP INC
GSAT,GLOBALSTAR VOTING INC
GSBC,GREAT SOUTHERN BANCORP INC
GSHD,GOOSEHEAD INSURANCE INC CLASS A
GT,GOODYEAR TIRE & RUBBER
GTES,GATES INDUSTRIAL PLC
GTLB,GITLAB INC CLASS A
GTLS,CHART INDUSTRIES INC
GTN,GRAY TELEVISION INC
GTXI,GTXI INC - CVR
GTY,GETTY REALTY REIT CORP
GVA,GRANITE CONSTRUCTION INC
GWH,ESS TECH INC
GWRE,GUIDEWIRE SOFTWARE INC
GWW,WW GRAINGER INC
GXO,GXO LOGISTICS INC
H,HYATT HOTELS CORP CLASS A
HA,HAWAIIAN HOLDINGS INC
HAE,HAEMONETICS CORP
HAFC,HANMI FINANCIAL CORP
HAIN,HAIN CELESTIAL GROUP INC
HAL,HALLIBURTON
HALO,HALOZYME THERAPEUTICS INC
HAS,HASBRO INC
HASI,HANNON ARMSTRONG SUSTAINABLE INFRA
HAYN,HAYNES INTERNATIONAL INC
HAYW,HAYWARD HOLDINGS INC
HBAN,HUNTINGTON BANCSHARES INC
HBCP,HOME BANCORP INC
HBI,HANESBRANDS INC
HBNC,HORIZON BANCORP INC
HBT,HBT FINANCIAL INC
HCA,HCA HEALTHCARE INC
HCAT,HEALTH CATALYST INC
HCC,WARRIOR MET COAL INC
HCI,HCI GROUP INC
HCKT,HACKETT GROUP INC
HCP,HASHICORP INC CLASS A
HCSG,HEALTHCARE SERVICES GROUP INC
HD,HOME DEPOT INC
HDSN,HUDSON TECHNOLOGIES INC
HE,HAWAIIAN ELECTRIC INDUSTRIES INC
HEES,H AND E EQUIPMENT SERVICES INC
HEI,HEICO CORP
HEIA,HEICO CORP CLASS A
HELE,HELEN OF TROY LTD
HES,HESS CORP
HFWA,HERITAGE FINANCIAL CORP
HGV,HILTON GRAND VACATIONS INC
HHH,HOWARD HUGHES HOLDINGS INC
HI,HILLENBRAND INC
HIBB,HIBBETT INC
HIFS,HINGHAM INSTITUTION FOR SAVINGS
HIG,HARTFORD FINANCIAL SERVICES GROUP
HII,HUNTINGTON INGALLS INDUSTRIES INC
HIMS,HIMS HERS HEALTH INC CLASS A
HIPO,HIPPO HOLDINGS INC
HIW,HIGHWOODS PROPERTIES REIT INC
HL,HECLA MINING
HLF,HERBALIFE NUTRITION LTD
HLI,HOULIHAN LOKEY INC CLASS A
HLIO,HELIOS TECHNOLOGIES INC
HLIT,HARMONIC INC
HLLY,HOLLEY INC
HLMN,HILLMAN SOLUTIONS CORP
HLNE,HAMILTON LANE INC CLASS A
HLT,HILTON WORLDWIDE HOLDINGS INC
HLVX,HILLEVAX INC
HLX,HELIX ENERGY SOLUTIONS GROUP INC
HMN,HORACE MANN EDUCATORS CORP
HMST,HOMESTREET INC
HNI,HNI CORP
HNRG,HALLADOR ENERGY
HOFT,HOOKER FURNISHINGS CORP
HOG,HARLEY DAVIDSON INC
HOLX,HOLOGIC INC
HOMB,HOME BANCSHARES INC
HON,HONEYWELL INTERNATIONAL INC
HONE,HARBORONE BANCORP INC
HOOD,ROBINHOOD MARKETS INC CLASS A
HOPE,HOPE BANCORP INC
HOUS,ANYWHERE REAL ESTATE INC
HOV,HOVNANIAN ENTERPRISES INC CLASS A
HP,HELMERICH & PAYNE INC
HPE,HEWLETT PACKARD ENTERPRISE
HPP,HUDSON PACIFIC PROPERTIES REIT INC
HPQ,HP INC
HQY,HEALTHEQUITY INC
HR,HEALTHCARE REALTY TRUST INC CLASS
HRB,H&R BLOCK INC
HRI,HERC HOLDINGS INC
HRL,HORMEL FOODS CORP
HRMY,HARMONY BIOSCIENCES HLDG INC
HROW,HARROW INC
HRT,HIRERIGHT HOLDINGS CORP
HRTX,HERON THERAPEUTICS INC
HSIC,HENRY SCHEIN INC
HSII,HEIDRICK AND STRUGGLES INTERNATION
HST,HOST HOTELS & RESORTS REIT INC
HSTM,HEALTHSTREAM INC
HSY,HERSHEY FOODS
HTBI,HOMETRUST BANCSHARES INC
HTBK,HERITAGE COMMERCE CORP
HTH,HILLTOP HOLDINGS INC
HTLD,HEARTLAND EXPRESS INC
HTLF,HEARTLAND FINANCIAL USA INC
HTZ,HERTZ GLOBAL HLDGS INC
HUBB,HUBBELL INC
HUBG,HUB GROUP INC CLASS A
HUBS,HUBSPOT INC
HUM,HUMANA INC
HUMA,HUMACYTE INC
HUN,HUNTSMAN CORP
HURN,HURON CONSULTING GROUP INC
HVT,HAVERTY FURNITURE COMPANIES INC
HWC,HANCOCK WHITNEY CORP
HWKN,HAWKINS INC
HWM,HOWMET AEROSPACE INC
HXL,HEXCEL CORP
HY,HYSTER YALE MATERIALS HANDLING INC
HYLN,HYLIION HOLDINGS CORP CLASS A
HZO,MARINEMAX INC
IAC,IAC INC
IART,INTEGRA LIFESCIENCES HOLDINGS CORP
IAS,INTEGRAL AD SCIENCE HOLDING CORP
IAUX,I GOLD CORP
IBCP,INDEPENDENT BANK CORP
IBKR,INTERACTIVE BROKERS GROUP INC CLAS
IBM,INTERNATIONAL BUSINESS MACHINES CO
IBOC,INTERNATIONAL BANCSHARES CORP
IBP,INSTALLED BUILDING PRODUCTS INC
IBRX,IMMUNITYBIO INC
IBTX,INDEPENDENT BANK GROUP INC
ICE,INTERCONTINENTAL EXCHANGE INC
ICFI,ICF INTERNATIONAL INC
ICHR,ICHOR HOLDINGS LTD
ICLR,ICON PLC
ICUI,ICU MEDICAL INC
IDA,IDACORP INC
IDCC,INTERDIGITAL INC
IDT,IDT CORP CLASS B
IDXX,IDEXX LABORATORIES INC
IDYA,IDEAYA BIOSCIENCES INC
IE,IVANHOE ELECTRIC INC
IESC,IES INC
IEX,IDEX CORP
IFF,INTERNATIONAL FLAVORS & FRAGRANCES
IGMS,IGM BIOSCIENCES INC
IGT,INTERNATIONAL GAME TECHNOLOGY PLC
IHRT,IHEARTMEDIA INC CLASS A
IIIN,INSTEEL INDUSTRIES INC
IIIV,I3 VERTICALS INC CLASS A
IIPR,INNOVATIVE INDUSTRIAL PROPERTIES I
ILMN,ILLUMINA INC
IMAX,IMAX CORP
IMKTA,INGLES MARKETS INC CLASS A
IMMR,IMMERSION CORP
IMVT,IMMUNOVANT INC
IMXI,INTERNATIONAL MONEY EXPRESS INC
INBX,INHIBRX INC
INCY,INCYTE CORP
INDB,INDEPENDENT BANK CORP
INDI,INDIE SEMICONDUCTOR INC CLASS A
INFA,INFORMATICA INC CLASS A
INFN,INFINERA CORP
INGN,INOGEN INC
INGR,INGREDION INC
INMD,INMODE LTD
INN,SUMMIT HOTEL PROPERTIES REIT INC
INOD,INNODATA INC
INSE,INSPIRED ENTERTAINMENT INC
INSM,INSMED INC
INSP,INSPIRE MEDICAL SYSTEMS INC
INST,INSTRUCTURE HOLDINGS INC
INSW,INTERNATIONAL SEAWAYS INC
INTA,INTAPP INC
INTC,INTEL CORPORATION CORP
INTT,INTEST CORP
INTU,INTUIT INC
INVA,INNOVIVA INC
INVH,INVITATION HOMES INC
INZY,INOZYME PHARMA INC
IONQ,IONQ INC
IONS,IONIS PHARMACEUTICALS INC
IOSP,INNOSPEC INC
IOVA,IOVANCE BIOTHERAPEUTICS INC
IP,INTERNATIONAL PAPER
IPAR,INTER PARFUMS INC
IPG,INTERPUBLIC GROUP OF COMPANIES INC
IPGP,IPG PHOTONICS CORP
IPI,INTREPID POTASH INC
IPSC,CENTURY THERAPEUTICS INC
IQV,IQVIA HOLDINGS INC
IR,INGERSOLL RAND INC
IRBT,IROBOT CORP
IRDM,IRIDIUM COMMUNICATIONS INC
IRM,IRON MOUNTAIN INC
IRMD,IRADIMED CORP
IRON,DISC MEDICINE INC
IRT,INDEPENDENCE REALTY INC TRUST
IRTC,IRHYTHM TECHNOLOGIES INC
IRWD,IRONWOOD PHARMA INC CLASS A
ISRG,INTUITIVE SURGICAL INC
IT,GARTNER INC
ITCI,INTRA CELLULAR THERAPIES INC
ITGR,INTEGER HOLDINGS CORP
ITOS,ITEOS THERAPEUTICS INC
ITRI,ITRON INC
ITT,ITT INC
ITW,ILLINOIS TOOL INC
IVR,INVESCO MORTGAGE CAPITAL REIT INC
IVT,INVENTRUST PROPERTIES CORP
IVZ,INVESCO LTD
J,JACOBS SOLUTIONS INC
JACK,JACK IN THE BOX INC
JAKK,JAKKS PACIFIC INC
JAMF,JAMF HOLDING CORP
JANX,JANUX THERAPEUTICS INC
JAZZ,JAZZ PHARMACEUTICALS PLC
JBGS,JBG SMITH PROPERTIES
JBHT,JB HUNT TRANSPORT SERVICES INC
JBI,JANUS INTERNATIONAL GROUP INC
JBL,JABIL INC
JBLU,JETBLUE AIRWAYS CORP
JBSS,JOHN B SANFILIPPO AND SON INC
JBT,JOHN BEAN TECHNOLOGIES CORP
JCI,JOHNSON CONTROLS INTERNATIONAL PLC
JEF,JEFFERIES FINANCIAL GROUP INC
JELD,JELD WEN HOLDING INC
JHG,JANUS HENDERSON GROUP PLC
JJSF,J AND J SNACK FOODS CORP
JKHY,JACK HENRY AND ASSOCIATES INC
JLL,JONES LANG LASALLE INC
JMSB,JOHN MARSHALL BANCORP INC
JNJ,JOHNSON & JOHNSON
JNPR,JUNIPER NETWORKS INC
JOBY,JOBY AVIATION INC CLASS A
JOE,ST JOE
JOUT,JOHNSON OUTDOORS INC CLASS A
JPM,JPMORGAN CHASE & CO
JRVR,JAMES RIVER GROUP HOLDINGS LTD
JWN,NORDSTROM INC
JXN,JACKSON FINANCIAL INC CLASS A
K,KELLANOVA
KAI,KADANT INC
KALU,KAISER ALUMINIUM CORP
KALV,KALVISTA PHARMACEUTICALS INC
KAMN,KAMAN CORP
KAR,OPENLANE INC
KBH,KB HOME
KBR,KBR INC
KD,KYNDRYL HOLDINGS INC
KDP,KEURIG DR PEPPER INC
KE,KIMBALL ELECTRONICS INC
KELYA,KELLY SERVICES INC CLASS A
KEX,KIRBY CORP
KEY,KEYCORP
KEYS,KEYSIGHT TECHNOLOGIES INC
KFRC,KFORCE INC
KFY,KORN FERRY
KGS,KODIAK GAS SERVICES INC
KHC,KRAFT HEINZ
KIDS,ORTHOPEDIATRICS CORP
KIM,KIMCO REALTY REIT CORP
KIND,NEXTDOOR HOLDINGS INC CLASS A
KKR,KKR AND CO INC
KLAC,KLA CORP
KLG,WK KELLOGG
KLIC,KULICKE AND SOFFA INDUSTRIES INC
KMB,KIMBERLY CLARK CORP
KMI,KINDER MORGAN INC
KMPR,KEMPER CORP
KMT,KENNAMETAL INC
KMX,CARMAX INC
KN,KNOWLES CORP
KNF,KNIFE RIVER CORP
KNSA,KINIKSA PHARMACEUTICALS LTD CLASS
KNSL,KINSALE CAPITAL GROUP INC
KNTK,KINETIK HOLDINGS INC CLASS A
KNX,KNIGHT-SWIFT TRANSPORTATION HOLDIN
KO,COCA-COLA
KOD,KODIAK SCIENCES INC
KODK,EASTMAN KODAK
KOP,KOPPERS HOLDINGS INC
KOS,KOSMOS ENERGY LTD
KPTI,KARYOPHARM THERAPEUTICS INC
KR,KROGER
KRC,KILROY REALTY REIT CORP
KREF,KKR REAL ESTATE FINANCE INC TRUST
KRG,KITE REALTY GROUP TRUST REIT
KRNY,KEARNY FINANCIAL CORP
KROS,KEROS THERAPEUTICS INC
KRUS,KURA SUSHI USA INC
KRYS,KRYSTAL BIOTECH INC
KSS,KOHLS CORP
KTB,KONTOOR BRANDS INC
KTOS,KRATOS DEFENSE AND SECURITY SOLUTI
KURA,KURA ONCOLOGY INC
KVUE,KENVUE INC
KW,KENNEDY WILSON HOLDINGS INC
KWR,QUAKER CHEMICAL CORP
KYMR,KYMERA THERAPEUTICS INC
KZR,KEZAR LIFE SCIENCES INC
L,LOEWS CORP
LAD,LITHIA MOTORS INC
LADR,LADDER CAPITAL CORP CLASS A
LAMR,LAMAR ADVERTISING COMPANY CLAS
LANC,LANCASTER COLONY CORP
LAND,GLADSTONE LAND REIT CORP
LASR,NLIGHT INC
LAUR,LAUREATE EDUCATION INC
LAW,CS DISCO INC
LAZ,LAZARD INC
LAZR,LUMINAR TECHNOLOGIES INC CLASS A
LBAI,LAKELAND BANCORP INC
LBPH,LONGBOARD PHARMACEUTICALS INC
LBRDA,LIBERTY BROADBAND CORP SERIES A
LBRDK,LIBERTY BROADBAND CORP SERIES C
LBRT,LIBERTY ENERGY INC CLASS A
LC,LENDINGCLUB CORP
LCID,LUCID GROUP INC
LCII,LCI INDUSTRIES
LDOS,LEIDOS HOLDINGS INC
LEA,LEAR CORP
LECO,LINCOLN ELECTRIC HOLDINGS INC
LEG,LEGGETT & PLATT INC
LEN,LENNAR A CORP
LENB,LENNAR CORP CLASS B
LESL,LESLIES INC
LEU,CENTRUS ENERGY CORP CLASS A
LFST,LIFESTANCE HEALTH GROUP INC
LFUS,LITTELFUSE INC
LGFA,LIONS GATE ENTERTAINMENT VOTING CO
LGFB,LIONS GATE ENTERTAINMENT NON VOTIN
LGIH,LGI HOMES INC
LGND,LIGAND PHARMACEUTICALS INC
LH,LABORATORY CORPORATION OF AMERICA
LHX,L3HARRIS TECHNOLOGIES INC
LICY,LI CYCLE HOLDINGS CORP
LII,LENNOX INTERNATIONAL INC
LILA,LIBERTY LATIN AMERICA LTD CLASS A
LILAK,LIBERTY LATIN AMERICA LTD CLASS C
LIN,LINDE PLC
LIND,LINDBLAD EXPEDITIONS HOLDINGS INC
LITE,LUMENTUM HOLDINGS INC
LIVN,LIVANOVA PLC
LKFN,LAKELAND FINANCIAL CORP
LKQ,LKQ CORP
LLY,ELI LILLY
LLYVA,LIBERTY MEDIA LIBERTY LIVE CORP SE
LLYVK,LIBERTY MEDIA LIBERTY LIVE CORP SE
LMAT,LEMAITRE VASCULAR INC
LMB,LIMBACH HOLDINGS INC
LMND,LEMONADE INC
LMNR,LIMONEIRA
LMT,LOCKHEED MARTIN CORP
LNC,LINCOLN NATIONAL CORP
LNG,CHENIERE ENERGY INC
LNN,LINDSAY CORP
LNT,ALLIANT ENERGY CORP
LNTH,LANTHEUS HOLDINGS INC
LNW,LIGHT WONDER INC
LOB,LIVE OAK BANCSHARES INC
LOCO,EL POLLO LOCO INC
LOPE,GRAND CANYON EDUCATION INC
LOVE,LOVESAC COMPANY
LOW,LOWES COMPANIES INC
LPG,DORIAN LPG LTD
LPLA,LPL FINANCIAL HOLDINGS INC
LPRO,OPEN LENDING CORP
LPSN,LIVEPERSON INC
LPX,LOUISIANA PACIFIC CORP
LQDA,LIQUIDIA CORP
LQDT,LIQUIDITY SERVICES INC
LRCX,LAM RESEARCH CORP
LRN,STRIDE INC
LSCC,LATTICE SEMICONDUCTOR CORP
LSEA,LANDSEA HOMES CORP
LSTR,LANDSTAR SYSTEM INC
LSXMA,LIBERTY MEDIA LIBERTY SIRIUSXM COR
LSXMK,LIBERTY MEDIA LIBERTY SIRIUSXM COR
LTC,LTC PROPERTIES REIT INC
LTH,LIFE TIME GROUP HOLDINGS INC
LULU,LULULEMON ATHLETICA INC
LUMN,LUMEN TECHNOLOGIES INC
LUNA,LUNA INNOVATIONS INC
LUNG,PULMONX CORP
LUV,SOUTHWEST AIRLINES
LVS,LAS VEGAS SANDS CORP
LW,LAMB WESTON HOLDINGS INC
LWLG,LIGHTWAVE LOGIC INC
LXFR,LUXFER HOLDINGS PLC
LXP,LXP INDUSTRIAL TRUST
LXRX,LEXICON PHARMACEUTICALS INC
LXU,LSB INDUSTRIES INC
LYB,LYONDELLBASELL INDUSTRIES NV CLASS
LYEL,LYELL IMMUNOPHARMA INC
LYFT,LYFT INC CLASS A
LYTS,LSI INDUSTRIES INC
LYV,LIVE NATION ENTERTAINMENT INC
LZ,LEGALZOOM COM INC
LZB,LA-Z-BOY INC
M,MACYS INC
MA,MASTERCARD INC CLASS A
MAA,MID AMERICA APARTMENT COMMUNITIES
MAC,MACERICH REIT
MAN,MANPOWER INC
MANH,MANHATTAN ASSOCIATES INC
MAR,MARRIOTT INTERNATIONAL INC CLASS A
MARA,MARATHON DIGITAL HOLDINGS INC
MAS,MASCO CORP
MASI,MASIMO CORP
MASS,908 DEVICES
MAT,MATTEL INC
MATV,MATIV HOLDINGS INC
MATW,MATTHEWS INTERNATIONAL CORP CLASS
MATX,MATSON INC
MAX,MEDIAALPHA INC CLASS A
MAXN,MAXEON SOLAR TECHNOLOGIES LTD
MBC,MASTERBRAND INC
MBCN,MIDDLEFIELD BANC CORP
MBI,MBIA INC
MBIN,MERCHANTS BANCORP
MBUU,MALIBU BOATS CLASS A INC
MBWM,MERCANTILE BANK CORP
MC,MOELIS CLASS A
MCB,METROPOLITAN BANK HOLDING CORP
MCBC,MACATAWA BANK CORP
MCBS,METROCITY BANKSHARES INC
MCD,MCDONALDS CORP
MCFT,MASTERCRAFT BOAT HOLDINGS INC
MCHP,MICROCHIP TECHNOLOGY INC
MCK,MCKESSON CORP
MCO,MOODYS CORP
MCRB,SERES THERAPEUTICS INC
MCRI,MONARCH CASINO AND RESORT INC
MCS,THE MARCUS CORP
MCW,MISTER CAR WASH INC
MCY,MERCURY GENERAL CORP
MD,PEDIATRIX MEDICAL GROUP INC
MDB,MONGODB INC CLASS A
MDC,MDC HOLDINGS INC
MDGL,MADRIGAL PHARMACEUTICALS INC
MDLZ,MONDELEZ INTERNATIONAL INC CLASS A
MDT,MEDTRONIC PLC
MDU,MDU RESOURCES GROUP INC
MDXG,MIMEDX GROUP INC
ME,23ANDME HOLDING CLASS A
MED,MEDIFAST INC
MEDP,MEDPACE HOLDINGS INC
MEG,MONTROSE ENVIRONMENTAL GRP INC
MEI,METHODE ELECTRONICS INC
MET,METLIFE INC
META,META PLATFORMS INC CLASS A
METCV,RAMACO RESOURCES INC CLASS A
MFA,MFA FINANCIAL INC
MGEE,MGE ENERGY INC
MGM,MGM RESORTS INTERNATIONAL
MGNI,MAGNITE INC
MGNX,MACROGENICS INC
MGPI,MGP INGREDIENTS INC
MGRC,MCGRATH RENT
MGTX,MEIRAGTX HOLDINGS PLC
MGY,MAGNOLIA OIL GAS CORP CLASS A
MHK,MOHAWK INDUSTRIES INC
MHO,M I HOMES INC
MIDD,MIDDLEBY CORP
MIR,MIRION TECHNOLOGIES INC CLASS A
MIRM,MIRUM PHARMACEUTICALS INC
MITK,MITEK SYSTEMS INC
MKC,MCCORMICK & CO NON-VOTING INC
MKL,MARKEL GROUP INC
MKSI,MKS INSTRUMENTS INC
MKTX,MARKETAXESS HOLDINGS INC
MLAB,MESA LABORATORIES INC
MLI,MUELLER INDUSTRIES INC
MLKN,MILLERKNOLL INC
MLM,MARTIN MARIETTA MATERIALS INC
MLNK,MERIDIANLINK INC
MLR,MILLER INDUSTRIES INC
MLYS,MINERALYS THERAPEUTICS INC
MMC,MARSH & MCLENNAN INC
MMI,MARCUS & MILLICHAP INC
MMM,3M
MMS,MAXIMUS INC
MMSI,MERIT MEDICAL SYSTEMS INC
MNKD,MANNKIND CORP
MNRO,MONRO INC
MNST,MONSTER BEVERAGE CORP
MNTK,MONTAUK RENEWABLES INC
MO,ALTRIA GROUP INC
MOD,MODINE MANUFACTURING
MODG,TOPGOLF CALLAWAY BRANDS CORP
MODN,MODEL N INC
MODV,MODIVCARE INC
MOFG,MIDWESTONE FINANCIAL GROUP INC
MOGA,MOOG INC CLASS A
MOH,MOLINA HEALTHCARE INC
MOND,MONDEE HOLDINGS INC CLASS A
MORF,MORPHIC HOLDING INC
MORN,MORNINGSTAR INC
MOS,MOSAIC
MOV,MOVADO GROUP INC
MP,MP MATERIALS CORP CLASS A
MPB,MID PENN BANCORP INC
MPC,MARATHON PETROLEUM CORP
MPLN,MULTIPLAN CORP CLASS A
MPW,MEDICAL PROPERTIES TRUST REIT INC
MPWR,MONOLITHIC POWER SYSTEMS INC
MQ,MARQETA INC CLASS A
MRC,MRC GLOBAL INC
MRCY,MERCURY SYSTEMS INC
MRK,MERCK & CO INC
MRNA,MODERNA INC
MRNS,MARINUS PHARMACEUTICALS INC
MRO,MARATHON OIL CORP
MRSN,MERSANA THERAPEUTICS INC
MRTN,MARTEN TRANSPORT LTD
MRVI,MARAVAI LIFESCIENCES HOLDINGS INC
MRVL,MARVELL TECHNOLOGY INC
MS,MORGAN STANLEY
MSA,MSA SAFETY INC
MSBI,MIDLAND STATES BANCORP INC
MSCI,MSCI INC
MSEX,MIDDLESEX WATER
MSFT,MICROSOFT CORP
MSGE,MADISON SQUARE GARDEN ENTERTAINMEN
MSGS,MADISON SQUARE GARDEN SPORTS CORP
MSI,MOTOROLA SOLUTIONS INC
MSM,MSC INDUSTRIAL INC CLASS A
MSTR,MICROSTRATEGY INC CLASS A
MTB,M&T BANK CORP
MTCH,MATCH GROUP INC
MTD,METTLER TOLEDO INC
MTDR,MATADOR RESOURCES
MTG,MGIC INVESTMENT CORP
MTH,MERITAGE CORP
MTN,VAIL RESORTS INC
MTRN,MATERION CORP
MTSI,MACOM TECHNOLOGY SOLUTIONS INC
MTTR,MATTERPORT INC CLASS A
MTUS,METALLUS INC
MTW,MANITOWOC INC
MTX,MINERALS TECHNOLOGIES INC
MTZ,MASTEC INC
MU,MICRON TECHNOLOGY INC
MUR,MURPHY OIL CORP
MURA,MURAL ONCOLOGY PLC
MUSA,MURPHY USA INC
MVBF,MVB FINANCIAL CORP
MVIS,MICROVISION INC
MVST,MICROVAST HOLDINGS INC
MWA,MUELLER WATER PRODUCTS INC SERIES
MXCT,MAXCYTE INC
MXL,MAXLINEAR INC
MYE,MYERS INDUSTRIES INC
MYGN,MYRIAD GENETICS INC
MYPS,PLAYSTUDIOS INC CLASS A
MYRG,MYR GROUP INC
NABL,N ABLE INC
NAPA,DUCKHORN PORTFOLIO INC
NARI,INARI MEDICAL INC
NAT,NORDIC AMERICAN TANKERS LTD
NATL,NCR ATLEOS CORP
NAVI,NAVIENT CORP
NBHC,NATIONAL BANK HOLDINGS CORP CLASS
NBIX,NEUROCRINE BIOSCIENCES INC
NBN,NORTHEAST BANK
NBR,NABORS INDUSTRIES LTD
NBTB,NBT BANCORP INC
NCLH,NORWEGIAN CRUISE LINE HOLDINGS LTD
NCNO,NCINO INC
NDAQ,NASDAQ INC
NDSN,NORDSON CORP
NE,NOBLE CORPORATION PLC
NECB,NORTHEAST COMMUNITY BANCORP INC
NEE,NEXTERA ENERGY INC
NEM,NEWMONT
NEO,NEOGENOMICS INC
NEOG,NEOGEN CORP
NET,CLOUDFLARE INC CLASS A
NEU,NEWMARKET CORP
NEWT,NEWTEKONE INC
NEXT,NEXTDECADE CORP
NFBK,NORTHFIELD BANCORP INC
NFE,NEW FORTRESS ENERGY INC CLASS A
NFG,NATIONAL FUEL GAS
NFLX,NETFLIX INC
NG,NOVAGOLD RESOURCES INC
NGVT,INGEVITY CORP
NHC,NATIONAL HEALTHCARE CORP
NHI,NATIONAL HEALTH INVESTORS REIT INC
NI,NISOURCE INC
NIC,NICOLET BANKSHARES INC
NJR,NEW JERSEY RESOURCES CORP
NKE,NIKE INC CLASS B
NKLA,NIKOLA CORP
NKTX,NKARTA INC
NLOP,NET LEASE OFFICE PROPERTIES
NLY,ANNALY CAPITAL MANAGEMENT REIT INC
NMIH,NMI HOLDINGS INC CLASS A
NMRA,NEUMORA THERAPEUTICS INC
NMRK,NEWMARK GROUP INC CLASS A
NN,NEXTNAV INC
NNI,NELNET INC CLASS A
NNN,NNN REIT INC
NNOX,NANO X IMAGING LTD
NOC,NORTHROP GRUMMAN CORP
NOG,NORTHERN OIL AND GAS INC
NOV,NOV INC
NOVA,SUNNOVA ENERGY INTERNATIONAL INC
NOVT,NOVANTA INC
NOW,SERVICENOW INC
NPK,NATIONAL PRESTO INDUSTRIES INC
NPO,ENPRO INC
NR,NEWPARK RESOURCES INC
NRC,NATIONAL RESEARCH CORP
NRDS,NERDWALLET INC CLASS A
NRG,NRG ENERGY INC
NRGV,ENERGY VAULT HOLDINGS INC
NRIM,NORTHRIM BANCORP INC
NRIX,NURIX THERAPEUTICS INC
NSA,NATIONAL STORAGE AFFILIATES TRUST
NSC,NORFOLK SOUTHERN CORP
NSIT,INSIGHT ENTERPRISES INC
NSP,INSPERITY INC
NSSC,NAPCO SECURITY TECHNOLOGIES INC
NTAP,NETAPP INC
NTB,BANK OF NT BUTTERFIELD & SON LTD
NTCT,NETSCOUT SYSTEMS INC
NTGR,NETGEAR INC
NTLA,INTELLIA THERAPEUTICS INC
NTNX,NUTANIX INC CLASS A
NTRA,NATERA INC
NTRS,NORTHERN TRUST CORP
NTST,NETSTREIT CORP
NU,NU HOLDINGS LTD CLASS A
NUE,NUCOR CORP
NUS,NU SKIN ENTERPRISES INC CLASS A
NUVB,NUVATION BIO INC CLASS A
NUVL,NUVALENT INC CLASS A
NVAX,NOVAVAX INC
NVCR,NOVOCURE LTD
NVDA,NVIDIA CORP
NVEC,NVE CORP
NVEE,NV5 GLOBAL INC
NVR,NVR INC
NVRI,ENVIRI CORP
NVRO,NEVRO CORP
NVST,ENVISTA HOLDINGS CORP
NVT,NVENT ELECTRIC PLC
NVTS,NAVITAS SEMICONDUCTOR CORP
NWBI,NORTHWEST BANCSHARES INC
NWE,NORTHWESTERN ENERGY GROUP INC
NWL,NEWELL BRANDS INC
NWLI,NATIONAL WESTERN LIFE GROUP INC CL
NWN,NORTHWEST NATURAL HOLDING COMPANY
NWPX,NORTHWEST PIPE
NWS,NEWS CORP CLASS B
NWSA,NEWS CORP CLASS A
NX,QUANEX BUILDING PRODUCTS CORP
NXDT,NEXPOINT DIVERSIFIED REAL ESTATE T
NXRT,NEXPOINT RESIDENTIAL TRUST INC
NXST,NEXSTAR MEDIA GROUP INC
NXT,NEXTRACKER INC CLASS A
NYCB,NEW YORK COMMUNITY BANCORP INC
NYMT,NEW YORK MORTGAGE TRUST REIT INC
NYT,NEW YORK TIMES CLASS A
O,REALTY INCOME REIT CORP
OABI,OMNIAB INC
OB,OUTBRAIN INC
OBK,ORIGIN BANCORP INC
OBT,ORANGE COUNTY BANCORP INC
OC,OWENS CORNING
OCFC,OCEANFIRST FINANCIAL CORP
OCN,OCWEN FINANCIAL CORP
OCUL,OCULAR THERAPEUTIX INC
ODC,OIL DRI CORPORATION OF AMERICA
ODFL,OLD DOMINION FREIGHT LINE INC
ODP,ODP CORP
OEC,ORION SA
OFG,OFG BANCORP
OFIX,ORTHOFIX MEDICAL INC
OFLX,OMEGA FLEX INC
OGE,OGE ENERGY CORP
OGN,ORGANON
OGS,ONE GAS INC
OHI,OMEGA HEALTHCARE INVESTORS REIT IN
OI,O I GLASS INC
OII,OCEANEERING INTERNATIONAL INC
OIS,OIL STATES INTERNATIONAL INC
OKE,ONEOK INC
OKTA,OKTA INC CLASS A
OLED,UNIVERSAL DISPLAY CORP
OLLI,OLLIES BARGAIN OUTLET HOLDINGS INC
OLMA,OLEMA PHARMACEUTICALS INC
OLN,OLIN CORP
OLO,OLO INC CLASS A
OLP,ONE LIBERTY PROPERTIES REIT INC
OLPX,OLAPLEX HOLDINGS INC
OM,OUTSET MEDICAL INC
OMC,OMNICOM GROUP INC
OMCL,OMNICELL INC
OMER,OMEROS CORP
OMF,ONEMAIN HOLDINGS INC
OMI,OWENS & MINOR INC
ON,ON SEMICONDUCTOR CORP
ONB,OLD NATIONAL BANCORP
ONEW,ONEWATER MARINE CLASS A INC
ONL,ORION OFFICE REIT INC
ONTF,ON24 INC
ONTO,ONTO INNOVATION INC
OOMA,OOMA INC
OPCH,OPTION CARE HEALTH INC
OPEN,OPENDOOR TECHNOLOGIES INC
OPI,OFFICE PROPERTIES INCOME TRUST
OPK,OPKO HEALTH INC
OPRX,OPTIMIZERX CORP
ORA,ORMAT TECH INC
ORC,ORCHID ISLAND CAPITAL INC
ORCL,ORACLE CORP
ORGN,ORIGIN MATERIALS INC CLASS A
ORGO,ORGANOGENESIS HOLDINGS INC CLASS A
ORI,OLD REPUBLIC INTERNATIONAL CORP
ORIC,ORIC PHARMACEUTICALS INC
ORLY,OREILLY AUTOMOTIVE INC
ORRF,ORRSTOWN FINANCIAL SERVICES INC
OSBC,OLD SECOND BANCORP INC
OSCR,OSCAR HEALTH INC CLASS A
OSG,OVERSEAS SHIPHOLDING GROUP INC CLA
OSIS,OSI SYSTEMS INC
OSK,OSHKOSH CORP
OSPN,ONESPAN INC
OSUR,ORASURE TECHNOLOGIES INC
OSW,ONESPAWORLD HOLDINGS LTD
OTIS,OTIS WORLDWIDE CORP
OTLK,OUTLOOK THERAPEUTICS INC
OTTR,OTTER TAIL CORP
OUT,OUTFRONT MEDIA INC
OVV,OVINTIV INC
OWL,BLUE OWL CAPITAL INC CLASS A
OXM,OXFORD INDUSTRIES INC
OXY,OCCIDENTAL PETROLEUM CORP
OZK,BANK OZK
PACB,PACIFIC BIOSCIENCES OF CALIFORNIA
PAG,PENSKE AUTOMOTIVE GROUP VOTING INC
PAGS,PAGSEGURO DIGITAL LTD CLASS A
PAHC,PHIBRO ANIMAL HEALTH CORP CLASS A
PANL,PANGAEA LOGISTICS SOLUTIONS LTD
PANW,PALO ALTO NETWORKS INC
PAR,PAR TECHNOLOGY CORP
PARA,PARAMOUNT GLOBAL CLASS B
PARAA,PARAMOUNT GLOBAL CLASS A
PARR,PAR PACIFIC HOLDINGS INC
PATH,UIPATH INC CLASS A
PATK,PATRICK INDUSTRIES INC
PAX,PATRIA INVESTMENTS LTD CLASS A
PAYC,PAYCOM SOFTWARE INC
PAYO,PAYONEER GLOBAL INC
PAYX,PAYCHEX INC
PB,PROSPERITY BANCSHARES INC
PBF,PBF ENERGY INC CLASS A
PBH,PRESTIGE CONSUMER HEALTHCARE INC
PBPB,POTBELLY CORP
PCAR,PACCAR INC
PCG,PG&E CORP
PCH,POTLATCHDELTIC CORP
PCOR,PROCORE TECHNOLOGIES INC
PCRX,PACIRA BIOSCIENCES INC
PCT,PURECYCLE TECHNOLOGIES INC
PCTY,PAYLOCITY HOLDING CORP
PCVX,VAXCYTE INC
PD,PAGERDUTY INC
PDCO,PATTERSON COMPANIES INC
PDFS,PDF SOLUTIONS INC
PDM,PIEDMONT OFFICE REALTY TRUST REIT
PEB,PEBBLEBROOK HOTEL TRUST REIT
PEBO,PEOPLES BANCORP INC
PECO,PHILLIPS EDISON AND COMPANY INC
PEG,PUBLIC SERVICE ENTERPRISE GROUP IN
PEGA,PEGASYSTEMS INC
PEN,PENUMBRA INC
PENN,PENN ENTERTAINMENT INC
PEP,PEPSICO INC
PEPG,PEPGEN INC
PETQ,PETIQ INC CLASS A
PETS,PETMED EXPRESS INC
PFBC,PREFERRED BANK
PFC,PREMIER FINANCIAL CORP
PFE,PFIZER INC
PFG,PRINCIPAL FINANCIAL GROUP INC
PFGC,PERFORMANCE FOOD GROUP
PFIS,PEOPLES FINANCIAL SERVICES CORP
PFMT,PERFORMANT FINANCIAL CORP
PFS,PROVIDENT FINANCIAL SERVICES INC
PFSI,PENNYMAC FINANCIAL SERVICES INC
PG,PROCTER & GAMBLE
PGC,PEAPACK GLADSTONE FINANCIAL CORP
PGEN,PRECIGEN INC
PGNY,PROGYNY INC
PGR,PROGRESSIVE CORP
PGRE,PARAMOUNT GROUP REIT INC
PH,PARKER-HANNIFIN CORP
PHAT,PHATHOM PHARMACEUTICALS INC
PHIN,PHINIA INC
PHM,PULTEGROUP INC
PHR,PHREESIA INC
PI,IMPINJ INC
PII,POLARIS INC
PINC,PREMIER INC CLASS A
PINS,PINTEREST INC CLASS A
PIPR,PIPER SANDLER COMPANIES
PJT,PJT PARTNERS INC CLASS A
PK,PARK HOTELS RESORTS INC
PKE,PARK AEROSPACE CORP
PKG,PACKAGING CORP OF AMERICA
PKST,PEAKSTONE REALTY TRUST CLASS E
PL,PLANET LABS CLASS A
PLAB,PHOTRONICS INC
PLAY,DAVE AND BUSTERS ENTERTAINMENT INC
PLCE,CHILDRENS PLACE INC
PLD,PROLOGIS REIT INC
PLL,PIEDMONT LITHIUM INC
PLMR,PALOMAR HOLDINGS INC
PLNT,PLANET FITNESS INC CLASS A
PLOW,DOUGLAS DYNAMICS INC
PLPC,PREFORMED LINE PRODUCTS
PLRX,PLIANT THERAPEUTICS INC
PLTK,PLAYTIKA HOLDING CORP
PLTR,PALANTIR TECHNOLOGIES INC CLASS A
PLUG,PLUG POWER INC
PLUS,EPLUS
PLXS,PLEXUS CORP
PLYM,PLYMOUTH INDUSTRIAL REIT INC
PM,PHILIP MORRIS INTERNATIONAL INC
PMT,PENNYMAC MORTGAGE INVESTMENT TRUST
PMVP,PMV PHARMACEUTICALS INC
PNC,PNC FINANCIAL SERVICES GROUP INC
PNFP,PINNACLE FINANCIAL PARTNERS INC
PNM,PNM RESOURCES INC
PNR,PENTAIR
PNTG,PENNANT GROUP INC
PNW,PINNACLE WEST CORP
PODD,INSULET CORP
POOL,POOL CORP
POR,PORTLAND GENERAL ELECTRIC
POST,POST HOLDINGS INC
POWI,POWER INTEGRATIONS INC
POWL,POWELL INDUSTRIES INC
POWW,AMMO INC
PPBI,PACIFIC PREMIER BANCORP INC
PPC,PILGRIMS PRIDE CORP
PPG,PPG INDUSTRIES INC
PPL,PPL CORP
PR,PERMIAN RESOURCES CORP CLASS A
PRA,PROASSURANCE CORP
PRAA,PRA GROUP INC
PRCT,PROCEPT BIOROBOTICS CORP
PRDO,PERDOCEO EDUCATION CORP
PRFT,PERFICIENT INC
PRG,PROG HOLDINGS INC
PRGO,PERRIGO PLC
PRGS,PROGRESS SOFTWARE CORP
PRI,PRIMERICA INC
PRIM,PRIMORIS SERVICES CORP
PRK,PARK NATIONAL CORP
PRKS,UNITED PARKS AND RESORTS INC
PRLB,PROTO LABS INC
PRM,PERIMETER SOLUTIONS SA
PRME,PRIME MEDICINE INC
PRMW,PRIMO WATER CORP
PRO,PROS HOLDINGS INC
PROK,PROKIDNEY CORP CLASS A
PRTA,PROTHENA PLC
PRTS,CARPARTS COM INC
PRU,PRUDENTIAL FINANCIAL INC
PRVA,PRIVIA HEALTH GROUP INC
PSA,PUBLIC STORAGE REIT
PSFE,PAYSAFE LTD
PSMT,PRICESMART INC
PSN,PARSONS CORP
PSTG,PURE STORAGE INC CLASS A
PSTL,POSTAL REALTY TRUST INC CLASS A
PSX,PHILLIPS
PTC,PTC INC
PTCT,PTC THERAPEUTICS INC
PTEN,PATTERSON UTI ENERGY INC
PTGX,PROTAGONIST THERAPEUTICS INC
PTLO,PORTILLO S INC CLASS A
PTON,PELOTON INTERACTIVE CLASS A INC
PTVE,PACTIV EVERGREEN INC
PUBM,PUBMATIC INC CLASS A
PUMP,PROPETRO HOLDING CORP
PVH,PVH CORP
PWP,PERELLA WEINBERG PARTNERS CLASS A
PWR,QUANTA SERVICES INC
PWSC,POWERSCHOOL HOLDINGS INC CLASS A
PX,P10 INC CLASS A
PXD,PIONEER NATURAL RESOURCE
PYCR,PAYCOR HCM INC
PYPL,PAYPAL HOLDINGS INC
PZZA,PAPA JOHNS INTERNATIONAL INC
QCOM,QUALCOMM INC
QCRH,QCR HOLDINGS INC
QDEL,QUIDELORTHO CORP
QGEN,QIAGEN NV
QLYS,QUALYS INC
QNST,QUINSTREET INC
QRVO,QORVO INC
QS,QUANTUMSCAPE CORP CLASS A
QSI,QUANTUM SI INC CLASS A
QTRX,QUANTERIX CORP
QTWO,Q2 HOLDINGS INC
R,RYDER SYSTEM INC
RAMP,LIVERAMP HOLDINGS INC
RAPT,RAPT THERAPEUTICS INC
RARE,ULTRAGENYX PHARMACEUTICAL INC
RBA,RB GLOBAL INC
RBB,RBB BANCORP
RBBN,RIBBON COMMUNICATIONS INC
RBC,RBC BEARINGS INC
RBCAA,REPUBLIC BANCORP INC CLASS A
RBLX,ROBLOX CORP CLASS A
RC,READY CAPITAL CORP
RCEL,AVITA MEDICAL INC
RCKT,ROCKET PHARMACEUTICALS INC
RCL,ROYAL CARIBBEAN GROUP LTD
RCM,R1 RCM INC
RCUS,ARCUS BIOSCIENCES INC
RDFN,REDFIN CORP
RDN,RADIAN GROUP INC
RDNT,RADNET INC
RDUS,RADIUS RECYCLING INC CLASS A
REFI,CHICAGO ATLANTIC REAL ESTATE FINAN
REG,REGENCY CENTERS REIT CORP
REGN,REGENERON PHARMACEUTICALS INC
REI,RING ENERGY INC
RELY,REMITLY GLOBAL INC
REPL,REPLIMUNE GROUP INC
REPX,RILEY EXPLORATION PERMIAN INC
RES,RPC INC
REVG,REV GROUP INC
REX,REX AMERICAN RESOURCES CORP
REXR,REXFORD INDUSTRIAL REALTY REIT INC
REYN,REYNOLDS CONSUMER PRODUCTS INC
REZI,RESIDEO TECHNOLOGIES INC
RF,REGIONS FINANCIAL CORP
RGA,REINSURANCE GROUP OF AMERICA INC
RGEN,REPLIGEN CORP
RGLD,ROYAL GOLD INC
RGNX,REGENXBIO INC
RGP,RESOURCES CONNECTION INC
RGR,STURM RUGER INC
RH,RH
RHI,ROBERT HALF
RHP,RYMAN HOSPITALITY PROPERTIES REIT
RICK,RCI HOSPITALITY HOLDINGS INC
RIGL,RIGEL PHARMACEUTICALS INC
RILY,B RILEY FINANCIAL INC
RIOT,RIOT PLATFORMS INC
RITM,RITHM CAPITAL CORP
RIVN,RIVIAN AUTOMOTIVE INC CLASS A
RJF,RAYMOND JAMES INC
RKLB,ROCKET LAB USA INC
RKT,ROCKET COMPANIES INC CLASS A
RL,RALPH LAUREN CORP CLASS A
RLAY,RELAY THERAPEUTICS INC
RLI,RLI CORP
RLJ,RLJ LODGING TRUST REIT
RM,REGIONAL MANAGEMENT CORP
RMAX,RE MAX HOLDINGS INC CLASS A
RMBS,RAMBUS INC
RMD,RESMED INC
RMNI,RIMINI STREET INC
RMR,RMR GROUP INC CLASS A
RNA,AVIDITY BIOSCIENCES INC
RNG,RINGCENTRAL INC CLASS A
RNR,RENAISSANCERE HOLDING LTD
RNST,RENASANT CORP
ROAD,CONSTRUCTION PARTNERS INC CLASS A
ROCK,GIBRALTAR INDUSTRIES INC
ROG,ROGERS CORP
ROIC,RETAIL OPPORTUNITY INVESTMENTS REI
ROIV,ROIVANT SCIENCES LTD
ROK,ROCKWELL AUTOMATION INC
ROKU,ROKU INC CLASS A
ROL,ROLLINS INC
ROP,ROPER TECHNOLOGIES INC
ROST,ROSS STORES INC
RPAY,REPAY HOLDINGS CORP CLASS A
RPD,RAPID7 INC
RPM,RPM INTERNATIONAL INC
RPRX,ROYALTY PHARMA PLC CLASS A
RRBI,RED RIVER BANCSHARES INC
RRC,RANGE RESOURCES CORP
RRR,RED ROCK RESORTS ORS CLASS A INC
RRX,REGAL REXNORD CORP
RS,RELIANCE STEEL & ALUMINUM
RSG,REPUBLIC SERVICES INC
RSI,RUSH STREET INTERACTIVE INC CLASS
RTX,RTX CORP
RUN,SUNRUN INC
RUSHA,RUSH ENTERPRISES INC CLASS A
RUSHB,RUSH ENTERPRISES INC CLASS B
RVLV,REVOLVE GROUP CLASS A INC
RVMD,REVOLUTION MEDICINES INC
RVNC,REVANCE THERAPEUTICS INC
RVTY,REVVITY INC
RWT,REDWOOD TRUST REIT INC
RXO,RXO INC
RXRX,RECURSION PHARMACEUTICALS INC CLAS
RXST,RXSIGHT INC
RYAM,RAYONIER ADVANCED MATERIALS INC
RYAN,RYAN SPECIALTY HOLDINGS INC CLASS
RYI,RYERSON HOLDING CORP
RYN,RAYONIER REIT INC
RYTM,RHYTHM PHARMACEUTICALS INC
S,SENTINELONE INC CLASS A
SABR,SABRE CORP
SAFE,SAFEHOLD INC
SAFT,SAFETY INSURANCE GROUP INC
SAGE,SAGE THERAPEUTICS INC
SAH,SONIC AUTOMOTIVE INC CLASS A
SAIA,SAIA INC
SAIC,SCIENCE APPLICATIONS INTERNATIONAL
SAM,BOSTON BEER INC CLASS A
SANA,SANA BIOTECHNOLOGY INC
SANM,SANMINA CORP
SASR,SANDY SPRING BANCORP INC
SATS,ECHOSTAR CORP CLASS A
SAVA,CASSAVA SCIENCES INC
SAVE,SPIRIT AIRLINES INC
SB,SAFE BULKERS INC
SBAC,SBA COMMUNICATIONS REIT CORP CLASS
SBCF,SEACOAST BANKING OF FLORIDA
SBGI,SINCLAIR INC CLASS A
SBH,SALLY BEAUTY HOLDINGS INC
SBOW,SILVERBOW RESOURCES INC
SBRA,SABRA HEALTH CARE REIT INC
SBSI,SOUTHSIDE BANCSHARES INC
SBUX,STARBUCKS CORP
SCCO,SOUTHERN COPPER CORP
SCHL,SCHOLASTIC CORP
SCHW,CHARLES SCHWAB CORP
SCI,SERVICE
SCL,STEPAN
SCLX,SCILEX HOLDING
SCPH,SCPHARMACEUTICALS INC
SCS,STEELCASE INC CLASS A
SCSC,SCANSOURCE INC
SCVL,SHOE CARNIVAL INC
SDGR,SCHRODINGER INC
SDRL,SEADRILL LTD
SEAT,VIVID SEATS INC CLASS A
SEB,SEABOARD CORP
SEE,SEALED AIR CORP
SEER,SEER INC CLASS A
SEIC,SEI INVESTMENTS
SEM,SELECT MEDICAL HOLDINGS CORP
SEMR,SEMRUSH HOLDINGS INC CLASS A
SENEA,SENECA FOODS CORP CLASS A
SES,SES AI CORP CLASS A
SF,STIFEL FINANCIAL CORP
SFBS,SERVISFIRST BANCSHARES INC
SFIX,STITCH FIX INC CLASS A
SFL,SFL LTD
SFM,SPROUTS FARMERS MARKET INC
SFNC,SIMMONS FIRST NATIONAL CORP CLASS
SFST,SOUTHERN FIRST BANCSHARES INC
SG,SWEETGREEN INC CLASS A
SGH,SMART GLOBAL HOLDINGS
SGHC,SUPER GROUP LTD
SGMO,SANGAMO THERAPEUTICS INC
SGRY,SURGERY PARTNERS INC
SHAK,SHAKE SHACK INC CLASS A
SHBI,SHORE BANCSHARES INC
SHC,SOTERA HEALTH COMPANY
SHCR,SHARECARE INC CLASS A
SHEN,SHENANDOAH TELECOMMUNICATIONS
SHLS,SHOALS TECHNOLOGIES GROUP INC CLAS
SHO,SUNSTONE HOTEL INVESTORS REIT INC
SHOO,STEVEN MADDEN LTD
SHW,SHERWIN WILLIAMS
SHYF,SHYFT GROUP INC
SIBN,SI BONE INC
SIG,SIGNET JEWELERS LTD
SIGA,SIGA TECHNOLOGIES INC
SIGI,SELECTIVE INSURANCE GROUP INC
SILK,SILK ROAD MEDICAL INC
SIRI,SIRIUS XM HOLDINGS INC
SITC,SITE CENTERS CORP
SITE,SITEONE LANDSCAPE SUPPLY INC
SITM,SITIME CORP
SIX,SIX FLAGS ENTERTAINMENT CORP
SJM,JM SMUCKER
SJW,SJW GROUP
SKIN,BEAUTY HEALTH COMPANY CLASS A CLAS
SKT,TANGER INC
SKWD,SKYWARD SPECIALTY INSURANCE GROUP
SKX,SKECHERS USA INC CLASS A
SKY,SKYLINE CHAMPION CORP
SKYW,SKYWEST INC
SLAB,SILICON LABORATORIES INC
SLB,SCHLUMBERGER NV
SLCA,US SILICA HOLDINGS INC
SLDP,SOLID POWER INC CLASS A
SLG,SL GREEN REALTY REIT CORP
SLGN,SILGAN HOLDINGS INC
SLM,SLM CORP
SLP,SIMULATIONS PLUS INC
SLQT,SELECTQUOTE INC
SLRN,ACELYRIN INC
SLVM,SYLVAMO CORP
SM,SM ENERGY
SMAR,SMARTSHEET INC CLASS A
SMBC,SOUTHERN MISSOURI BANCORP INC
SMBK,SMARTFINANCIAL INC
SMCI,SUPER MICRO COMPUTER INC
SMG,SCOTTS MIRACLE GRO
SMHI,SEACOR MARINE HOLDINGS INC
SMMF,SUMMIT FINANCIAL GROUP INC
SMMT,SUMMIT THERAPEUTICS INC
SMP,STANDARD MOTOR PRODUCTS INC
SMPL,THE SIMPLY GOOD FOODS COMPANY
SMR,NUSCALE POWER CORP CLASS A
SMRT,SMARTRENT INC CLASS A
SMTC,SEMTECH CORP
SNA,SNAP ON INC
SNBR,SLEEP NUMBER CORP
SNCY,SUN COUNTRY AIRLINES HOLDINGS INC
SNDR,SCHNEIDER NATIONAL INC CLASS B
SNDX,SYNDAX PHARMACEUTICALS INC
SNEX,STONEX GROUP INC
SNOW,SNOWFLAKE CLASS A
SNPS,SYNOPSYS INC
SNV,SYNOVUS FINANCIAL CORP
SNX,TD SYNNEX CORP
SO,SOUTHERN
SOFI,SOFI TECHNOLOGIES INC
SOI,SOLARIS OILFIELD INFRASTRUCTURE IN
SOLV,SOLVENTUM CORP
SON,SONOCO PRODUCTS
SONO,SONOS INC
SOUN,SOUNDHOUND AI INC CLASS A
SP,SP PLUS CORP
SPB,SPECTRUM BRANDS HOLDINGS INC
SPCE,VIRGIN GALACTIC HOLDINGS INC SHS C
SPFI,SOUTH PLAINS FINANCIAL INC
SPG,SIMON PROPERTY GROUP REIT INC
SPGI,S&P GLOBAL INC
SPHR,SPHERE ENTERTAINMENT CLASS A
SPNS,SAPIENS INTERNATIONAL NV
SPNT,SIRIUSPOINT LTD
SPOK,SPOK HOLDINGS INC
SPOT,SPOTIFY TECHNOLOGY SA
SPR,SPIRIT AEROSYSTEMS INC CLASS A
SPSC,SPS COMMERCE INC
SPT,SPROUT SOCIAL INC CLASS A
SPTN,SPARTANNASH
SPWH,SPORTSMANS WAREHOUSE HOLDINGS INC
SPWR,SUNPOWER
SPXC,SPX TECHNOLOGIES INC
SQ,BLOCK INC CLASS A
SQSP,SQUARESPACE INC CLASS A
SR,SPIRE INC
SRCE,1ST SOURCE CORP
SRCL,STERICYCLE INC
SRDX,SURMODICS INC
SRE,SEMPRA
SRI,STONERIDGE INC
SRPT,SAREPTA THERAPEUTICS INC
SRRK,SCHOLAR ROCK HOLDING CORP
SSB,SOUTHSTATE CORP
SSD,SIMPSON MANUFACTURING INC
SSNC,SS AND C TECHNOLOGIES HOLDINGS INC
SSP,EW SCRIPPS CLASS A
SSRM,SSR MINING INC
SSTI,SOUNDTHINKING INC
SSTK,SHUTTERSTOCK INC
ST,SENSATA TECHNOLOGIES HOLDING PLC
STAA,STAAR SURGICAL
STAG,STAG INDUSTRIAL REIT INC
STBA,S AND T BANCORP INC
STC,STEWART INFO SERVICES CORP
STE,STERIS
STEL,STELLAR BANCORP INC
STEM,STEM INC
STEP,STEPSTONE GROUP INC CLASS A
STER,STERLING CHECK CORP
STGW,STAGWELL INC CLASS A
STHO,STAR HOLDINGS SHARES OF BENEFICIAL
STKL,SUNOPTA INC
STLD,STEEL DYNAMICS INC
STNE,STONECO LTD CLASS A
STNG,SCORPIO TANKERS INC
STOK,STOKE THERAPEUTICS INC
STR,SITIO ROYALTIES CORP CLASS A
STRA,STRATEGIC EDUCATION INC
STRL,STERLING INFRASTRUCTURE INC
STRO,SUTRO BIOPHARMA INC
STT,STATE STREET CORP
STWD,STARWOOD PROPERTY TRUST REIT INC
STZ,CONSTELLATION BRANDS INC CLASS A
SUI,SUN COMMUNITIES REIT INC
SUM,SUMMIT MATERIALS INC CLASS A
SUPN,SUPERNUS PHARMACEUTICALS INC
SVC,SERVICE PROPERTIES TRUST
SVRA,SAVARA INC
SVV,SAVERS VALUE VILLAGE INC
SWAV,SHOCKWAVE MEDICAL INC
SWBI,SMITH WESSON BRANDS INC
SWI,SOLARWINDS CORP
SWK,STANLEY BLACK & DECKER INC
SWKS,SKYWORKS SOLUTIONS INC
SWN,SOUTHWESTERN ENERGY
SWTX,SPRINGWORKS THERAPEUTICS INC
SWX,SOUTHWEST GAS HOLDINGS INC
SXC,SUNCOKE ENERGY INC
SXI,STANDEX INTERNATIONAL CORP
SXT,SENSIENT TECHNOLOGIES CORP
SYBT,STOCK YARDS BANCORP INC
SYF,SYNCHRONY FINANCIAL
SYK,STRYKER CORP
SYNA,SYNAPTICS INC
SYY,SYSCO CORP
T,AT&T INC
TALO,TALOS ENERGY INC
TAP,MOLSON COORS BREWING CLASS B
TARO,TARO PHARMACEUTICAL INDUSTRIES LTD
TARS,TARSUS PHARMACEUTICALS INC
TAST,CARROLS RESTAURANT GROUP INC
TBBK,BANCORP INC
TBI,TRUEBLUE INC
TBPH,THERAVANCE BIOPHARMA INC
TBRG,TRUBRIDGE INC
TCBI,TEXAS CAPITAL BANCSHARES INC
TCBK,TRICO BANCSHARES
TCBX,THIRD COAST BANCSHARES INC
TCMD,TACTILE SYSTEMS TECHNOLOGY INC
TCX,TUCOWS INC
TDC,TERADATA CORP
TDG,TRANSDIGM GROUP INC
TDOC,TELADOC HEALTH INC
TDS,TELEPHONE AND DATA SYSTEMS INC
TDUP,THREDUP INC CLASS A
TDW,TIDEWATER INC
TDY,TELEDYNE TECHNOLOGIES INC
TEAM,ATLASSIAN CORP CLASS A
TECH,BIO TECHNE CORP
TELL,TELLURIAN INC
TENB,TENABLE HOLDINGS INC
TER,TERADYNE INC
TERN,TERNS PHARMACEUTICALS INC
TEX,TEREX CORP
TFC,TRUIST FINANCIAL CORP
TFIN,TRIUMPH FINANCIAL INC
TFSL,TFS FINANCIAL CORP
TFX,TELEFLEX INC
TG,TREDEGAR CORP
TGI,TRIUMPH GROUP INC
TGNA,TEGNA INC
TGT,TARGET CORP
TGTX,TG THERAPEUTICS INC
TH,TARGET HOSPITALITY CORP
THC,TENET HEALTHCARE CORP
THFF,FIRST FINANCIAL CORPORATION INDIAN
THG,HANOVER INSURANCE GROUP INC
THO,THOR INDUSTRIES INC
THR,THERMON GROUP HOLDINGS INC
THRM,GENTHERM INC
THRY,THRYV HOLDINGS INC
THS,TREEHOUSE FOODS INC
TILE,INTERFACE INC
TIPT,TIPTREE INC
TITN,TITAN MACHINERY INC
TJX,TJX INC
TK,TEEKAY CORP
TKO,TKO GROUP HOLDINGS INC CLASS A
TKR,TIMKEN
TMCI,TREACE MEDICAL CONCEPTS INC
TMDX,TRANSMEDICS GROUP INC
TMHC,TAYLOR MORRISON HOME CORP
TMO,THERMO FISHER SCIENTIFIC INC
TMP,TOMPKINS FINANCIAL CORP
TMUS,T MOBILE US INC
TNC,TENNANT
TNDM,TANDEM DIABETES CARE INC
TNET,TRINET GROUP INCINARY
TNGX,TANGO THERAPEUTICS INC
TNK,TEEKAY TANKERS LTD CLASS A
TNL,TRAVEL LEISURE
TNYA,TENAYA THERAPEUTICS INC
TOL,TOLL BROTHERS INC
TOST,TOAST INC CLASS A
TOWN,TOWNEBANK
TPB,TURNING POINT BRANDS INC
TPC,TUTOR PERINI CORP
TPG,TPG INC CLASS A
TPH,TRI POINTE HOMES INC
TPIC,TPI COMPOSITES INC
TPL,TEXAS PACIFIC LAND CORP
TPR,TAPESTRY INC
TPX,TEMPUR SEALY INTERNATIONAL INC
TRC,TEJON RANCH
TRDA,ENTRADA THERAPEUTICS INC
TREE,LENDINGTREE INC
TREX,TREX INC
TRGP,TARGA RESOURCES CORP
TRIP,TRIPADVISOR INC
TRMB,TRIMBLE INC
TRMK,TRUSTMARK CORP
TRN,TRINITY INDUSTRIES INC
TRNO,TERRENO REALTY REIT CORP
TRNS,TRANSCAT INC
TROW,T ROWE PRICE GROUP INC
TROX,TRONOX HOLDINGS PLC
TRS,TRIMAS CORP
TRST,TRUSTCO BANK CORP
TRTX,TPG RE FINANCE TRUST INC
TRU,TRANSUNION
TRUE,TRUECAR INC
TRUP,TRUPANION INC
TRV,TRAVELERS COMPANIES INC
TSBK,TIMBERLAND BANCORP INC
TSCO,TRACTOR SUPPLY
TSE,TRINSEO PLC
TSLA,TESLA INC
TSN,TYSON FOODS INC CLASS A
TSVT,2SEVENTY BIO INC
TT,TRANE TECHNOLOGIES PLC
TTC,TORO
TTD,TRADE DESK INC CLASS A
TTEC,TTEC HOLDINGS INC
TTEK,TETRA TECH INC
TTGT,TECHTARGET INC
TTI,TETRA TECHNOLOGIES INC
TTMI,TTM TECHNOLOGIES INC
TTWO,TAKE TWO INTERACTIVE SOFTWARE INC
TVTX,TRAVERE THERAPEUTICS INC
TW,TRADEWEB MARKETS INC CLASS A
TWI,TITAN INTERNATIONAL INC
TWKS,THOUGHTWORKS HOLDING INC
TWLO,TWILIO INC CLASS A
TWO,TWO HARBORS INVESTMENT CORP
TWOU,2U INC
TWST,TWIST BIOSCIENCE CORP
TXG,10X GENOMICS INC CLASS A
TXN,TEXAS INSTRUMENT INC
TXRH,TEXAS ROADHOUSE INC
TXT,TEXTRON INC
TYL,TYLER TECHNOLOGIES INC
TYRA,TYRA BIOSCIENCES INC
U,UNITY SOFTWARE INC
UA,UNDER ARMOUR INC CLASS C
UAA,UNDER ARMOUR INC CLASS A
UAL,UNITED AIRLINES HOLDINGS INC
UBER,UBER TECHNOLOGIES INC
UBSI,UNITED BANKSHARES INC
UCBI,UNITED COMMUNITY BANKS INC
UCTT,ULTRA CLEAN HOLDINGS INC
UDMY,UDEMY INC
UDR,UDR REIT INC
UE,URBAN EDGE PROPERTIES
UEC,URANIUM ENERGY CORP
UFCS,UNITED FIRE GROUP INC
UFPI,UFP INDUSTRIES INC
UFPT,UFP TECHNOLOGIES INC
UGI,UGI CORP
UHAL,U HAUL HOLDING
UHALB,U HAUL NON VOTING SERIES N
UHS,UNIVERSAL HEALTH SERVICES INC CLAS
UHT,UNIVERSAL HEALTH REALTY INCOME TRU
UI,UBIQUITI INC
UIS,UNISYS CORP
ULCC,FRONTIER GROUP HOLDINGS INC
ULH,UNIVERSAL LOGISTICS INC
ULTA,ULTA BEAUTY INC
UMBF,UMB FINANCIAL CORP
UMH,UMH PROPERTIES INC
UNF,UNIFIRST CORP
UNFI,UNITED NATURAL FOODS INC
UNH,UNITEDHEALTH GROUP INC
UNIT,UNITI GROUP INC
UNM,UNUM
UNP,UNION PACIFIC CORP
UPBD,UPBOUND GROUP INC
UPS,UNITED PARCEL SERVICE INC CLASS B
UPST,UPSTART HOLDINGS INC
UPWK,UPWORK INC
URBN,URBAN OUTFITTERS INC
URGN,UROGEN PHARMA LTD
URI,UNITED RENTALS INC
USB,US BANCORP
USFD,US FOODS HOLDING CORP
USLM,UNITED STATES LIME AND MINERALS IN
USNA,USANA HEALTH SCIENCES INC
USPH,US PHYSICAL THERAPY INC
UTHR,UNITED THERAPEUTICS CORP
UTI,UNIVERSAL TECHNICAL INSTITUTE INC
UTL,UNITIL CORP
UTMD,UTAH MEDICAL PRODUCTS INC
UTZ,UTZ BRANDS INC CLASS A
UUUU,ENERGY FUELS INC
UVE,UNIVERSAL INSURANCE HOLDINGS INC
UVSP,UNIVEST FINANCIAL CORP
UVV,UNIVERSAL CORP
UWMC,UWM HOLDINGS CORP CLASS A
V,VISA INC CLASS A
VAC,MARRIOTT VACATIONS WORLDWIDE CORP
VAL,VALARIS LTD
VBTX,VERITEX HOLDINGS INC
VC,VISTEON CORP
VCEL,VERICEL CORP
VCTR,VICTORY CAPITAL HOLDINGS CLASS A I
VCYT,VERACYTE INC
VECO,VEECO INSTRUMENTS INC
VEEV,VEEVA SYSTEMS INC CLASS A
VEL,VELOCITY FINANCIAL INC
VERA,VERA THERAPEUTICS INC CLASS A
VERV,VERVE THERAPEUTICS INC
VFC,VF CORP
VGR,VECTOR GROUP LTD
VIAV,VIAVI SOLUTIONS INC
VICI,VICI PPTYS INC
VICR,VICOR CORP
VIR,VIR BIOTECHNOLOGY INC
VIRT,VIRTU FINANCIAL INC CLASS A
VITL,VITAL FARMS INC
VKTX,VIKING THERAPEUTICS INC
VLO,VALERO ENERGY CORP
VLTO,VERALTO CORP
VLY,VALLEY NATIONAL
VMC,VULCAN MATERIALS
VMD,VIEMED HEALTHCARE INC
VMEO,VIMEO INC
VMI,VALMONT INDS INC
VNDA,VANDA PHARMACEUTICALS INC
VNO,VORNADO REALTY TRUST REIT
VNT,VONTIER CORP
VOYA,VOYA FINANCIAL INC
VPG,VISHAY PRECISION GROUP INC
VRDN,VIRIDIAN THERAPEUTICS ORS INC
VRE,VERIS RESIDENTIAL INC
VREX,VAREX IMAGING CORP
VRNS,VARONIS SYSTEMS INC
VRNT,VERINT SYSTEMS INC
VRRM,VERRA MOBILITY CORP CLASS A
VRSK,VERISK ANALYTICS INC
VRSN,VERISIGN INC
VRT,VERTIV HOLDINGS CLASS A
VRTS,VIRTUS INVESTMENT PARTNERS INC
VRTX,VERTEX PHARMACEUTICALS INC
VSAT,VIASAT INC
VSCO,VICTORIA S SECRET
VSEC,VSE CORP
VSH,VISHAY INTERTECHNOLOGY INC
VST,VISTRA CORP
VSTO,VISTA OUTDOOR INC
VSTS,VESTIS CORP
VTLE,VITAL ENERGY INC
VTNR,VERTEX ENERGY INC
VTOL,BRISTOW GROUP INC
VTR,VENTAS REIT INC
VTRS,VIATRIS INC
VTS,VITESSE ENERGY INC
VTYX,VENTYX BIOSCIENCES INC
VUZI,VUZIX CORP
VVI,VIAD CORP
VVV,VALVOLINE INC
VVX,V2X INC
VYGR,VOYAGER THERAPEUTICS INC
VYX,NCR VOYIX CORP
VZ,VERIZON COMMUNICATIONS INC
VZIO,VIZIO HOLDING CORP CLASS A
W,WAYFAIR INC CLASS A
WAB,WESTINGHOUSE AIR BRAKE TECHNOLOGIE
WABC,WESTAMERICA BANCORPORATION
WAFD,WAFD INC
WAL,WESTERN ALLIANCE
WALD,WALDENCAST PLC CLASS A
WASH,WASHINGTON TRUST BANCORP INC
WAT,WATERS CORP
WBA,WALGREEN BOOTS ALLIANCE INC
WBD,WARNER BROS. DISCOVERY INC SERIES
WBS,WEBSTER FINANCIAL CORP
WCC,WESCO INTERNATIONAL INC
WD,WALKER & DUNLOP INC
WDAY,WORKDAY INC CLASS A
WDC,WESTERN DIGITAL CORP
WDFC,WD-40
WEAV,WEAVE COMMUNICATIONS INC
WEC,WEC ENERGY GROUP INC
WELL,WELLTOWER INC
WEN,WENDYS
WERN,WERNER ENTERPRISES INC
WEST,WESTROCK COFFEE
WEX,WEX INC
WFC,WELLS FARGO
WFRD,WEATHERFORD INTERNATIONAL PLC
WGO,WINNEBAGO INDUSTRIES INC
WH,WYNDHAM HOTELS RESORTS INC
WHD,CACTUS INC CLASS A
WHR,WHIRLPOOL CORP
WINA,WINMARK CORP
WING,WINGSTOP INC
WIRE,ENCORE WIRE CORP
WISH,CONTEXTLOGIC INC CLASS A
WK,WORKIVA INC CLASS A
WKC,WORLD KINECT
WKHS,WORKHORSE GROUP INC
WLDN,WILLDAN GROUP INC
WLK,WESTLAKE CORP
WLLAW,CHORD ENERGY EQUITY WARRANTS EXP S
WLLBW,CHORD ENERGY EQUITY WARRANTS SERIE
WLY,JOHN WILEY AND SONS INC CLASS A
WM,WASTE MANAGEMENT INC
WMB,WILLIAMS INC
WMK,WEIS MARKETS INC
WMS,ADVANCED DRAINAGE SYSTEMS INC
WMT,WALMART INC
WNC,WABASH NATIONAL CORP
WOLF,WOLFSPEED INC
WOOF,PETCO HEALTH AND WELLNESS COMPANY
WOR,WORTHINGTON ENTERPRISES INC
WOW,WIDEOPENWEST INC
WPC,W. P. CAREY REIT INC
WRB,WR BERKLEY CORP
WRBY,WARBY PARKER INC CLASS A
WRK,WESTROCK
WRLD,WORLD ACCEPTANCE CORP
WS,WORTHINGTON STEEL INC
WSBC,WESBANCO INC
WSBF,WATERSTONE FINANCIAL INC
WSC,WILLSCOT MOBILE MINI HOLDINGS CORP
WSFS,WSFS FINANCIAL CORP
WSM,WILLIAMS SONOMA INC
WSO,WATSCO INC
WSR,WHITESTONE REIT
WST,WEST PHARMACEUTICAL SERVICES INC
WT,WISDOMTREE INC
WTBA,WEST BANCORPORATION INC
WTFC,WINTRUST FINANCIAL CORP
WTI,W AND T OFFSHORE INC
WTM,WHITE MOUNTAINS INSURANCE GROUP LT
WTRG,ESSENTIAL UTILITIES INC
WTS,WATTS WATER TECHNOLOGIES INC CLASS
WTTR,SELECT WATER SOLUTIONS INC CLASS A
WTW,WILLIS TOWERS WATSON PLC
WU,WESTERN UNION
WULF,TERAWULF INC
WVE,WAVE LIFE SCIENCES LTD
WW,WW INTERNATIONAL INC
WWD,WOODWARD INC
WWW,WOLVERINE WORLD WIDE INC
WY,WEYERHAEUSER REIT
WYNN,WYNN RESORTS LTD
X,US STEEL CORP
XEL,XCEL ENERGY INC
XERS,XERIS BIOPHARMA HOLDINGS INC
XFOR,X4 PHARMACEUTICALS INC
XHR,XENIA HOTELS RESORTS REIT INC
XMTR,XOMETRY INC CLASS A
XNCR,XENCOR INC
XOM,EXXON MOBIL CORP
XP,XP CLASS A INC
XPEL,XPEL INC
XPER,XPERI INC
XPO,XPO INC
XPOF,XPONENTIAL FITNESS INC CLASS A
XPRO,EXPRO GROUP HOLDINGS NV
XRAY,DENTSPLY SIRONA INC
XRX,XEROX HOLDINGS CORP
XYL,XYLEM INC
YELP,YELP INC
YETI,YETI HOLDINGS INC
YEXT,YEXT INC
YMAB,Y MABS THERAPEUTICS INC
YORW,YORK WATER
YOU,CLEAR SECURE INC CLASS A
YUM,YUM BRANDS INC
Z,ZILLOW GROUP INC CLASS C
ZBH,ZIMMER BIOMET HOLDINGS INC
ZBRA,ZEBRA TECHNOLOGIES CORP CLASS A
ZD,ZIFF DAVIS INC
ZETA,ZETA GLOBAL HOLDINGS CORP CLASS A
ZEUS,OLYMPIC STEEL INC
ZG,ZILLOW GROUP INC CLASS A
ZI,ZOOMINFO TECHNOLOGIES INC
ZIMV,ZIMVIE INC
ZION,ZIONS BANCORPORATION
ZIP,ZIPRECRUITER INC CLASS A
ZM,ZOOM VIDEO COMMUNICATIONS INC CLAS
ZNTL,ZENTALIS PHARMACEUTICALS INC
ZS,ZSCALER INC
ZTS,ZOETIS INC CLASS A
ZUMZ,ZUMIEZ INC
ZUO,ZUORA INC CLASS A
ZWS,ZURN ELKAY WATER SOLUTIONS CORP
ZYME,ZYMEWORKS INC
ZYXI,ZYNEX INC